roll_number,original_filename,original_path,rejected_path,rejection_reason,face_count,detection_confidence,face_width,face_height,blur_score,brightness_score
22102001,22102001_face_001.jpg,dataset/raw/uncovered/22102001/22102001_face_001.jpg,dataset/rejected/22102001/22102001_face_001.jpg,detection_confidence_below_threshold,1,,,,,
22102001,22102001_face_002.jpg,dataset/raw/uncovered/22102001/22102001_face_002.jpg,dataset/rejected/22102001/22102001_face_002.jpg,no_face_detected,0,,,,,
22102001,22102001_face_003.jpg,dataset/raw/uncovered/22102001/22102001_face_003.jpg,dataset/rejected/22102001/22102001_face_003.jpg,no_face_detected,0,,,,,
22102001,22102001_face_005.jpg,dataset/raw/uncovered/22102001/22102001_face_005.jpg,dataset/rejected/22102001/22102001_face_005.jpg,no_face_detected,0,,,,,
22102001,22102001_face_006.jpg,dataset/raw/uncovered/22102001/22102001_face_006.jpg,dataset/rejected/22102001/22102001_face_006.jpg,no_face_detected,0,,,,,
22102001,22102001_face_009.jpg,dataset/raw/uncovered/22102001/22102001_face_009.jpg,dataset/rejected/22102001/22102001_face_009.jpg,detection_confidence_below_threshold,1,,,,,
22102001,22102001_face_010.jpg,dataset/raw/uncovered/22102001/22102001_face_010.jpg,dataset/rejected/22102001/22102001_face_010.jpg,no_face_detected,0,,,,,
22102001,22102001_face_011.jpg,dataset/raw/uncovered/22102001/22102001_face_011.jpg,dataset/rejected/22102001/22102001_face_011.jpg,no_face_detected,0,,,,,
22102001,22102001_face_012.jpg,dataset/raw/uncovered/22102001/22102001_face_012.jpg,dataset/rejected/22102001/22102001_face_012.jpg,no_face_detected,0,,,,,
22102001,22102001_face_013.jpg,dataset/raw/uncovered/22102001/22102001_face_013.jpg,dataset/rejected/22102001/22102001_face_013.jpg,detection_confidence_below_threshold,1,,,,,
22102001,22102001_face_014.jpg,dataset/raw/uncovered/22102001/22102001_face_014.jpg,dataset/rejected/22102001/22102001_face_014.jpg,face_too_small,1,,,,,
22102001,22102001_face_015.jpg,dataset/raw/uncovered/22102001/22102001_face_015.jpg,dataset/rejected/22102001/22102001_face_015.jpg,detection_confidence_below_threshold,2,,,,,
22102001,22102001_face_016.jpg,dataset/raw/uncovered/22102001/22102001_face_016.jpg,dataset/rejected/22102001/22102001_face_016.jpg,detection_confidence_below_threshold,3,,,,,
22102001,22102001_face_017.jpg,dataset/raw/uncovered/22102001/22102001_face_017.jpg,dataset/rejected/22102001/22102001_face_017.jpg,no_face_detected,0,,,,,
22102001,22102001_face_020.jpg,dataset/raw/uncovered/22102001/22102001_face_020.jpg,dataset/rejected/22102001/22102001_face_020.jpg,no_face_detected,0,,,,,
22102001,22102001_face_021.jpg,dataset/raw/uncovered/22102001/22102001_face_021.jpg,dataset/rejected/22102001/22102001_face_021.jpg,detection_confidence_below_threshold,1,,,,,
22102001,22102001_face_077.jpg,dataset/raw/uncovered/22102001/22102001_face_077.jpg,dataset/rejected/22102001/22102001_face_077.jpg,detection_confidence_below_threshold,1,,,,,
22102001,22102001_face_085.jpg,dataset/raw/uncovered/22102001/22102001_face_085.jpg,dataset/rejected/22102001/22102001_face_085.jpg,detection_confidence_below_threshold,2,,,,,
22102001,22102001_face_091.jpg,dataset/raw/uncovered/22102001/22102001_face_091.jpg,dataset/rejected/22102001/22102001_face_091.jpg,detection_confidence_below_threshold,1,,,,,
22102001,22102001_face_092.jpg,dataset/raw/uncovered/22102001/22102001_face_092.jpg,dataset/rejected/22102001/22102001_face_092.jpg,detection_confidence_below_threshold,1,,,,,
22102001,22102001_face_093.jpg,dataset/raw/uncovered/22102001/22102001_face_093.jpg,dataset/rejected/22102001/22102001_face_093.jpg,no_face_detected,0,,,,,
22102001,22102001_face_098.jpg,dataset/raw/uncovered/22102001/22102001_face_098.jpg,dataset/rejected/22102001/22102001_face_098.jpg,detection_confidence_below_threshold,1,,,,,
22102001,22102001_face_099.jpg,dataset/raw/uncovered/22102001/22102001_face_099.jpg,dataset/rejected/22102001/22102001_face_099.jpg,no_face_detected,0,,,,,
22102001,22102001_face_100.jpg,dataset/raw/uncovered/22102001/22102001_face_100.jpg,dataset/rejected/22102001/22102001_face_100.jpg,no_face_detected,0,,,,,
22102001,22102001_face_101.jpg,dataset/raw/uncovered/22102001/22102001_face_101.jpg,dataset/rejected/22102001/22102001_face_101.jpg,detection_confidence_below_threshold,1,,,,,
22102001,22102001_face_183.jpg,dataset/raw/uncovered/22102001/22102001_face_183.jpg,dataset/rejected/22102001/22102001_face_183.jpg,no_face_detected,0,,,,,
22102003,22102003_face_001.jpg,dataset/raw/uncovered/22102003/22102003_face_001.jpg,dataset/rejected/22102003/22102003_face_001.jpg,no_face_detected,0,,,,,
22102003,22102003_face_002.jpg,dataset/raw/uncovered/22102003/22102003_face_002.jpg,dataset/rejected/22102003/22102003_face_002.jpg,no_face_detected,0,,,,,
22102003,22102003_face_004.jpg,dataset/raw/uncovered/22102003/22102003_face_004.jpg,dataset/rejected/22102003/22102003_face_004.jpg,no_face_detected,0,,,,,
22102003,22102003_face_005.jpg,dataset/raw/uncovered/22102003/22102003_face_005.jpg,dataset/rejected/22102003/22102003_face_005.jpg,no_face_detected,0,,,,,
22102003,22102003_face_006.jpg,dataset/raw/uncovered/22102003/22102003_face_006.jpg,dataset/rejected/22102003/22102003_face_006.jpg,no_face_detected,0,,,,,
22102003,22102003_face_007.jpg,dataset/raw/uncovered/22102003/22102003_face_007.jpg,dataset/rejected/22102003/22102003_face_007.jpg,no_face_detected,0,,,,,
22102003,22102003_face_008.jpg,dataset/raw/uncovered/22102003/22102003_face_008.jpg,dataset/rejected/22102003/22102003_face_008.jpg,no_face_detected,0,,,,,
22102003,22102003_face_009.jpg,dataset/raw/uncovered/22102003/22102003_face_009.jpg,dataset/rejected/22102003/22102003_face_009.jpg,no_face_detected,0,,,,,
22102003,22102003_face_010.jpg,dataset/raw/uncovered/22102003/22102003_face_010.jpg,dataset/rejected/22102003/22102003_face_010.jpg,no_face_detected,0,,,,,
22102003,22102003_face_011.jpg,dataset/raw/uncovered/22102003/22102003_face_011.jpg,dataset/rejected/22102003/22102003_face_011.jpg,no_face_detected,0,,,,,
22102003,22102003_face_012.jpg,dataset/raw/uncovered/22102003/22102003_face_012.jpg,dataset/rejected/22102003/22102003_face_012.jpg,no_face_detected,0,,,,,
22102003,22102003_face_013.jpg,dataset/raw/uncovered/22102003/22102003_face_013.jpg,dataset/rejected/22102003/22102003_face_013.jpg,no_face_detected,0,,,,,
22102003,22102003_face_014.jpg,dataset/raw/uncovered/22102003/22102003_face_014.jpg,dataset/rejected/22102003/22102003_face_014.jpg,face_too_small,1,,,,,
22102003,22102003_face_015.jpg,dataset/raw/uncovered/22102003/22102003_face_015.jpg,dataset/rejected/22102003/22102003_face_015.jpg,no_face_detected,0,,,,,
22102003,22102003_face_016.jpg,dataset/raw/uncovered/22102003/22102003_face_016.jpg,dataset/rejected/22102003/22102003_face_016.jpg,no_face_detected,0,,,,,
22102003,22102003_face_017.jpg,dataset/raw/uncovered/22102003/22102003_face_017.jpg,dataset/rejected/22102003/22102003_face_017.jpg,detection_confidence_below_threshold,1,,,,,
22102003,22102003_face_018.jpg,dataset/raw/uncovered/22102003/22102003_face_018.jpg,dataset/rejected/22102003/22102003_face_018.jpg,face_too_small,1,,,,,
22102003,22102003_face_019.jpg,dataset/raw/uncovered/22102003/22102003_face_019.jpg,dataset/rejected/22102003/22102003_face_019.jpg,no_face_detected,0,,,,,
22102003,22102003_face_020.jpg,dataset/raw/uncovered/22102003/22102003_face_020.jpg,dataset/rejected/22102003/22102003_face_020.jpg,face_too_small,1,,,,,
22102003,22102003_face_023.jpg,dataset/raw/uncovered/22102003/22102003_face_023.jpg,dataset/rejected/22102003/22102003_face_023.jpg,detection_confidence_below_threshold,2,,,,,
22102003,22102003_face_024.jpg,dataset/raw/uncovered/22102003/22102003_face_024.jpg,dataset/rejected/22102003/22102003_face_024.jpg,detection_confidence_below_threshold,1,,,,,
22102003,22102003_face_028.jpg,dataset/raw/uncovered/22102003/22102003_face_028.jpg,dataset/rejected/22102003/22102003_face_028.jpg,detection_confidence_below_threshold,1,,,,,
22102003,22102003_face_035.jpg,dataset/raw/uncovered/22102003/22102003_face_035.jpg,dataset/rejected/22102003/22102003_face_035.jpg,detection_confidence_below_threshold,2,,,,,
22102003,22102003_face_037.jpg,dataset/raw/uncovered/22102003/22102003_face_037.jpg,dataset/rejected/22102003/22102003_face_037.jpg,detection_confidence_below_threshold,2,,,,,
22102003,22102003_face_046.jpg,dataset/raw/uncovered/22102003/22102003_face_046.jpg,dataset/rejected/22102003/22102003_face_046.jpg,detection_confidence_below_threshold,1,,,,,
22102003,22102003_face_047.jpg,dataset/raw/uncovered/22102003/22102003_face_047.jpg,dataset/rejected/22102003/22102003_face_047.jpg,no_face_detected,0,,,,,
22102003,22102003_face_064.jpg,dataset/raw/uncovered/22102003/22102003_face_064.jpg,dataset/rejected/22102003/22102003_face_064.jpg,no_face_detected,0,,,,,
22102003,22102003_face_065.jpg,dataset/raw/uncovered/22102003/22102003_face_065.jpg,dataset/rejected/22102003/22102003_face_065.jpg,no_face_detected,0,,,,,
22102003,22102003_face_066.jpg,dataset/raw/uncovered/22102003/22102003_face_066.jpg,dataset/rejected/22102003/22102003_face_066.jpg,no_face_detected,0,,,,,
22102003,22102003_face_067.jpg,dataset/raw/uncovered/22102003/22102003_face_067.jpg,dataset/rejected/22102003/22102003_face_067.jpg,no_face_detected,0,,,,,
22102003,22102003_face_068.jpg,dataset/raw/uncovered/22102003/22102003_face_068.jpg,dataset/rejected/22102003/22102003_face_068.jpg,no_face_detected,0,,,,,
22102003,22102003_face_069.jpg,dataset/raw/uncovered/22102003/22102003_face_069.jpg,dataset/rejected/22102003/22102003_face_069.jpg,no_face_detected,0,,,,,
22102003,22102003_face_070.jpg,dataset/raw/uncovered/22102003/22102003_face_070.jpg,dataset/rejected/22102003/22102003_face_070.jpg,no_face_detected,0,,,,,
22102003,22102003_face_082.jpg,dataset/raw/uncovered/22102003/22102003_face_082.jpg,dataset/rejected/22102003/22102003_face_082.jpg,no_face_detected,0,,,,,
22102003,22102003_face_083.jpg,dataset/raw/uncovered/22102003/22102003_face_083.jpg,dataset/rejected/22102003/22102003_face_083.jpg,detection_confidence_below_threshold,1,,,,,
22102003,22102003_face_085.jpg,dataset/raw/uncovered/22102003/22102003_face_085.jpg,dataset/rejected/22102003/22102003_face_085.jpg,detection_confidence_below_threshold,1,,,,,
22102003,22102003_face_086.jpg,dataset/raw/uncovered/22102003/22102003_face_086.jpg,dataset/rejected/22102003/22102003_face_086.jpg,no_face_detected,0,,,,,
22102003,22102003_face_089.jpg,dataset/raw/uncovered/22102003/22102003_face_089.jpg,dataset/rejected/22102003/22102003_face_089.jpg,detection_confidence_below_threshold,1,,,,,
22102003,22102003_face_090.jpg,dataset/raw/uncovered/22102003/22102003_face_090.jpg,dataset/rejected/22102003/22102003_face_090.jpg,detection_confidence_below_threshold,1,,,,,
22102003,22102003_face_097.jpg,dataset/raw/uncovered/22102003/22102003_face_097.jpg,dataset/rejected/22102003/22102003_face_097.jpg,no_face_detected,0,,,,,
22102003,22102003_face_098.jpg,dataset/raw/uncovered/22102003/22102003_face_098.jpg,dataset/rejected/22102003/22102003_face_098.jpg,detection_confidence_below_threshold,1,,,,,
22102003,22102003_face_099.jpg,dataset/raw/uncovered/22102003/22102003_face_099.jpg,dataset/rejected/22102003/22102003_face_099.jpg,no_face_detected,0,,,,,
22102003,22102003_face_101.jpg,dataset/raw/uncovered/22102003/22102003_face_101.jpg,dataset/rejected/22102003/22102003_face_101.jpg,detection_confidence_below_threshold,1,,,,,
22102003,22102003_face_103.jpg,dataset/raw/uncovered/22102003/22102003_face_103.jpg,dataset/rejected/22102003/22102003_face_103.jpg,no_face_detected,0,,,,,
22102003,22102003_face_106.jpg,dataset/raw/uncovered/22102003/22102003_face_106.jpg,dataset/rejected/22102003/22102003_face_106.jpg,detection_confidence_below_threshold,1,,,,,
22102003,22102003_face_119.jpg,dataset/raw/uncovered/22102003/22102003_face_119.jpg,dataset/rejected/22102003/22102003_face_119.jpg,no_face_detected,0,,,,,
22102003,22102003_face_120.jpg,dataset/raw/uncovered/22102003/22102003_face_120.jpg,dataset/rejected/22102003/22102003_face_120.jpg,detection_confidence_below_threshold,1,,,,,
22102003,22102003_face_125.jpg,dataset/raw/uncovered/22102003/22102003_face_125.jpg,dataset/rejected/22102003/22102003_face_125.jpg,detection_confidence_below_threshold,1,,,,,
22102003,22102003_face_128.jpg,dataset/raw/uncovered/22102003/22102003_face_128.jpg,dataset/rejected/22102003/22102003_face_128.jpg,no_face_detected,0,,,,,
22102003,22102003_face_129.jpg,dataset/raw/uncovered/22102003/22102003_face_129.jpg,dataset/rejected/22102003/22102003_face_129.jpg,no_face_detected,0,,,,,
22102003,22102003_face_132.jpg,dataset/raw/uncovered/22102003/22102003_face_132.jpg,dataset/rejected/22102003/22102003_face_132.jpg,no_face_detected,0,,,,,
22102003,22102003_face_137.jpg,dataset/raw/uncovered/22102003/22102003_face_137.jpg,dataset/rejected/22102003/22102003_face_137.jpg,no_face_detected,0,,,,,
22102003,22102003_face_160.jpg,dataset/raw/uncovered/22102003/22102003_face_160.jpg,dataset/rejected/22102003/22102003_face_160.jpg,detection_confidence_below_threshold,1,,,,,
22102003,22102003_face_161.jpg,dataset/raw/uncovered/22102003/22102003_face_161.jpg,dataset/rejected/22102003/22102003_face_161.jpg,detection_confidence_below_threshold,1,,,,,
22102003,22102003_face_162.jpg,dataset/raw/uncovered/22102003/22102003_face_162.jpg,dataset/rejected/22102003/22102003_face_162.jpg,no_face_detected,0,,,,,
22102003,22102003_face_163.jpg,dataset/raw/uncovered/22102003/22102003_face_163.jpg,dataset/rejected/22102003/22102003_face_163.jpg,no_face_detected,0,,,,,
22102003,22102003_face_164.jpg,dataset/raw/uncovered/22102003/22102003_face_164.jpg,dataset/rejected/22102003/22102003_face_164.jpg,detection_confidence_below_threshold,1,,,,,
22102003,22102003_face_165.jpg,dataset/raw/uncovered/22102003/22102003_face_165.jpg,dataset/rejected/22102003/22102003_face_165.jpg,no_face_detected,0,,,,,
22102003,22102003_face_167.jpg,dataset/raw/uncovered/22102003/22102003_face_167.jpg,dataset/rejected/22102003/22102003_face_167.jpg,no_face_detected,0,,,,,
22102003,22102003_face_170.jpg,dataset/raw/uncovered/22102003/22102003_face_170.jpg,dataset/rejected/22102003/22102003_face_170.jpg,no_face_detected,0,,,,,
22102003,22102003_face_171.jpg,dataset/raw/uncovered/22102003/22102003_face_171.jpg,dataset/rejected/22102003/22102003_face_171.jpg,no_face_detected,0,,,,,
22102003,22102003_face_172.jpg,dataset/raw/uncovered/22102003/22102003_face_172.jpg,dataset/rejected/22102003/22102003_face_172.jpg,no_face_detected,0,,,,,
22102003,22102003_face_173.jpg,dataset/raw/uncovered/22102003/22102003_face_173.jpg,dataset/rejected/22102003/22102003_face_173.jpg,no_face_detected,0,,,,,
22102003,22102003_face_174.jpg,dataset/raw/uncovered/22102003/22102003_face_174.jpg,dataset/rejected/22102003/22102003_face_174.jpg,no_face_detected,0,,,,,
22102003,22102003_face_175.jpg,dataset/raw/uncovered/22102003/22102003_face_175.jpg,dataset/rejected/22102003/22102003_face_175.jpg,detection_confidence_below_threshold,1,,,,,
22102003,22102003_face_176.jpg,dataset/raw/uncovered/22102003/22102003_face_176.jpg,dataset/rejected/22102003/22102003_face_176.jpg,no_face_detected,0,,,,,
22102003,22102003_face_178.jpg,dataset/raw/uncovered/22102003/22102003_face_178.jpg,dataset/rejected/22102003/22102003_face_178.jpg,detection_confidence_below_threshold,1,,,,,
22102003,22102003_face_179.jpg,dataset/raw/uncovered/22102003/22102003_face_179.jpg,dataset/rejected/22102003/22102003_face_179.jpg,no_face_detected,0,,,,,
22102003,22102003_face_180.jpg,dataset/raw/uncovered/22102003/22102003_face_180.jpg,dataset/rejected/22102003/22102003_face_180.jpg,no_face_detected,0,,,,,
22102003,22102003_face_181.jpg,dataset/raw/uncovered/22102003/22102003_face_181.jpg,dataset/rejected/22102003/22102003_face_181.jpg,no_face_detected,0,,,,,
22102003,22102003_face_182.jpg,dataset/raw/uncovered/22102003/22102003_face_182.jpg,dataset/rejected/22102003/22102003_face_182.jpg,no_face_detected,0,,,,,
22102003,22102003_face_183.jpg,dataset/raw/uncovered/22102003/22102003_face_183.jpg,dataset/rejected/22102003/22102003_face_183.jpg,no_face_detected,0,,,,,
22102003,22102003_face_184.jpg,dataset/raw/uncovered/22102003/22102003_face_184.jpg,dataset/rejected/22102003/22102003_face_184.jpg,no_face_detected,0,,,,,
22102003,22102003_face_185.jpg,dataset/raw/uncovered/22102003/22102003_face_185.jpg,dataset/rejected/22102003/22102003_face_185.jpg,no_face_detected,0,,,,,
22102003,22102003_face_186.jpg,dataset/raw/uncovered/22102003/22102003_face_186.jpg,dataset/rejected/22102003/22102003_face_186.jpg,no_face_detected,0,,,,,
22102003,22102003_face_187.jpg,dataset/raw/uncovered/22102003/22102003_face_187.jpg,dataset/rejected/22102003/22102003_face_187.jpg,no_face_detected,0,,,,,
22102003,22102003_face_188.jpg,dataset/raw/uncovered/22102003/22102003_face_188.jpg,dataset/rejected/22102003/22102003_face_188.jpg,no_face_detected,0,,,,,
22102003,22102003_face_189.jpg,dataset/raw/uncovered/22102003/22102003_face_189.jpg,dataset/rejected/22102003/22102003_face_189.jpg,no_face_detected,0,,,,,
22102003,22102003_face_191.jpg,dataset/raw/uncovered/22102003/22102003_face_191.jpg,dataset/rejected/22102003/22102003_face_191.jpg,no_face_detected,0,,,,,
22102003,22102003_face_192.jpg,dataset/raw/uncovered/22102003/22102003_face_192.jpg,dataset/rejected/22102003/22102003_face_192.jpg,no_face_detected,0,,,,,
22102003,22102003_face_193.jpg,dataset/raw/uncovered/22102003/22102003_face_193.jpg,dataset/rejected/22102003/22102003_face_193.jpg,detection_confidence_below_threshold,1,,,,,
22102003,22102003_face_194.jpg,dataset/raw/uncovered/22102003/22102003_face_194.jpg,dataset/rejected/22102003/22102003_face_194.jpg,detection_confidence_below_threshold,1,,,,,
22102003,22102003_face_195.jpg,dataset/raw/uncovered/22102003/22102003_face_195.jpg,dataset/rejected/22102003/22102003_face_195.jpg,no_face_detected,0,,,,,
22102003,22102003_face_200.jpg,dataset/raw/uncovered/22102003/22102003_face_200.jpg,dataset/rejected/22102003/22102003_face_200.jpg,no_face_detected,0,,,,,
22102003,22102003_face_202.jpg,dataset/raw/uncovered/22102003/22102003_face_202.jpg,dataset/rejected/22102003/22102003_face_202.jpg,detection_confidence_below_threshold,1,,,,,
22102003,22102003_face_204.jpg,dataset/raw/uncovered/22102003/22102003_face_204.jpg,dataset/rejected/22102003/22102003_face_204.jpg,detection_confidence_below_threshold,1,,,,,
22102003,22102003_face_205.jpg,dataset/raw/uncovered/22102003/22102003_face_205.jpg,dataset/rejected/22102003/22102003_face_205.jpg,no_face_detected,0,,,,,
22102003,22102003_face_206.jpg,dataset/raw/uncovered/22102003/22102003_face_206.jpg,dataset/rejected/22102003/22102003_face_206.jpg,no_face_detected,0,,,,,
22102003,22102003_face_207.jpg,dataset/raw/uncovered/22102003/22102003_face_207.jpg,dataset/rejected/22102003/22102003_face_207.jpg,detection_confidence_below_threshold,1,,,,,
22102003,22102003_face_208.jpg,dataset/raw/uncovered/22102003/22102003_face_208.jpg,dataset/rejected/22102003/22102003_face_208.jpg,no_face_detected,0,,,,,
22102003,22102003_face_209.jpg,dataset/raw/uncovered/22102003/22102003_face_209.jpg,dataset/rejected/22102003/22102003_face_209.jpg,no_face_detected,0,,,,,
22102003,22102003_face_210.jpg,dataset/raw/uncovered/22102003/22102003_face_210.jpg,dataset/rejected/22102003/22102003_face_210.jpg,no_face_detected,0,,,,,
22102003,22102003_face_211.jpg,dataset/raw/uncovered/22102003/22102003_face_211.jpg,dataset/rejected/22102003/22102003_face_211.jpg,no_face_detected,0,,,,,
22102003,22102003_face_212.jpg,dataset/raw/uncovered/22102003/22102003_face_212.jpg,dataset/rejected/22102003/22102003_face_212.jpg,no_face_detected,0,,,,,
22102003,22102003_face_213.jpg,dataset/raw/uncovered/22102003/22102003_face_213.jpg,dataset/rejected/22102003/22102003_face_213.jpg,no_face_detected,0,,,,,
22102003,22102003_face_214.jpg,dataset/raw/uncovered/22102003/22102003_face_214.jpg,dataset/rejected/22102003/22102003_face_214.jpg,detection_confidence_below_threshold,1,,,,,
22102003,22102003_face_216.jpg,dataset/raw/uncovered/22102003/22102003_face_216.jpg,dataset/rejected/22102003/22102003_face_216.jpg,detection_confidence_below_threshold,1,,,,,
22102003,22102003_face_217.jpg,dataset/raw/uncovered/22102003/22102003_face_217.jpg,dataset/rejected/22102003/22102003_face_217.jpg,no_face_detected,0,,,,,
22102003,22102003_face_218.jpg,dataset/raw/uncovered/22102003/22102003_face_218.jpg,dataset/rejected/22102003/22102003_face_218.jpg,no_face_detected,0,,,,,
22102003,22102003_face_219.jpg,dataset/raw/uncovered/22102003/22102003_face_219.jpg,dataset/rejected/22102003/22102003_face_219.jpg,no_face_detected,0,,,,,
22102003,22102003_face_220.jpg,dataset/raw/uncovered/22102003/22102003_face_220.jpg,dataset/rejected/22102003/22102003_face_220.jpg,no_face_detected,0,,,,,
22102003,22102003_face_221.jpg,dataset/raw/uncovered/22102003/22102003_face_221.jpg,dataset/rejected/22102003/22102003_face_221.jpg,no_face_detected,0,,,,,
22102003,22102003_face_222.jpg,dataset/raw/uncovered/22102003/22102003_face_222.jpg,dataset/rejected/22102003/22102003_face_222.jpg,no_face_detected,0,,,,,
22102003,22102003_face_223.jpg,dataset/raw/uncovered/22102003/22102003_face_223.jpg,dataset/rejected/22102003/22102003_face_223.jpg,no_face_detected,0,,,,,
22102003,22102003_face_224.jpg,dataset/raw/uncovered/22102003/22102003_face_224.jpg,dataset/rejected/22102003/22102003_face_224.jpg,no_face_detected,0,,,,,
22102003,22102003_face_225.jpg,dataset/raw/uncovered/22102003/22102003_face_225.jpg,dataset/rejected/22102003/22102003_face_225.jpg,no_face_detected,0,,,,,
22102003,22102003_face_226.jpg,dataset/raw/uncovered/22102003/22102003_face_226.jpg,dataset/rejected/22102003/22102003_face_226.jpg,no_face_detected,0,,,,,
22102003,22102003_face_227.jpg,dataset/raw/uncovered/22102003/22102003_face_227.jpg,dataset/rejected/22102003/22102003_face_227.jpg,no_face_detected,0,,,,,
22102003,22102003_face_228.jpg,dataset/raw/uncovered/22102003/22102003_face_228.jpg,dataset/rejected/22102003/22102003_face_228.jpg,no_face_detected,0,,,,,
22102003,22102003_face_229.jpg,dataset/raw/uncovered/22102003/22102003_face_229.jpg,dataset/rejected/22102003/22102003_face_229.jpg,no_face_detected,0,,,,,
22102003,22102003_face_232.jpg,dataset/raw/uncovered/22102003/22102003_face_232.jpg,dataset/rejected/22102003/22102003_face_232.jpg,no_face_detected,0,,,,,
22102003,22102003_face_233.jpg,dataset/raw/uncovered/22102003/22102003_face_233.jpg,dataset/rejected/22102003/22102003_face_233.jpg,detection_confidence_below_threshold,1,,,,,
22102003,22102003_face_234.jpg,dataset/raw/uncovered/22102003/22102003_face_234.jpg,dataset/rejected/22102003/22102003_face_234.jpg,no_face_detected,0,,,,,
22102003,22102003_face_235.jpg,dataset/raw/uncovered/22102003/22102003_face_235.jpg,dataset/rejected/22102003/22102003_face_235.jpg,no_face_detected,0,,,,,
22102003,22102003_face_236.jpg,dataset/raw/uncovered/22102003/22102003_face_236.jpg,dataset/rejected/22102003/22102003_face_236.jpg,detection_confidence_below_threshold,1,,,,,
22102003,22102003_face_238.jpg,dataset/raw/uncovered/22102003/22102003_face_238.jpg,dataset/rejected/22102003/22102003_face_238.jpg,no_face_detected,0,,,,,
22102003,22102003_face_242.jpg,dataset/raw/uncovered/22102003/22102003_face_242.jpg,dataset/rejected/22102003/22102003_face_242.jpg,detection_confidence_below_threshold,1,,,,,
22102003,22102003_face_253.jpg,dataset/raw/uncovered/22102003/22102003_face_253.jpg,dataset/rejected/22102003/22102003_face_253.jpg,no_face_detected,0,,,,,
22102003,22102003_face_255.jpg,dataset/raw/uncovered/22102003/22102003_face_255.jpg,dataset/rejected/22102003/22102003_face_255.jpg,detection_confidence_below_threshold,1,,,,,
22102003,22102003_face_261.jpg,dataset/raw/uncovered/22102003/22102003_face_261.jpg,dataset/rejected/22102003/22102003_face_261.jpg,no_face_detected,0,,,,,
22102003,22102003_face_262.jpg,dataset/raw/uncovered/22102003/22102003_face_262.jpg,dataset/rejected/22102003/22102003_face_262.jpg,no_face_detected,0,,,,,
22102003,22102003_face_265.jpg,dataset/raw/uncovered/22102003/22102003_face_265.jpg,dataset/rejected/22102003/22102003_face_265.jpg,detection_confidence_below_threshold,1,,,,,
22102003,22102003_face_266.jpg,dataset/raw/uncovered/22102003/22102003_face_266.jpg,dataset/rejected/22102003/22102003_face_266.jpg,no_face_detected,0,,,,,
22102003,22102003_face_267.jpg,dataset/raw/uncovered/22102003/22102003_face_267.jpg,dataset/rejected/22102003/22102003_face_267.jpg,no_face_detected,0,,,,,
22102003,22102003_face_268.jpg,dataset/raw/uncovered/22102003/22102003_face_268.jpg,dataset/rejected/22102003/22102003_face_268.jpg,no_face_detected,0,,,,,
22102003,22102003_face_272.jpg,dataset/raw/uncovered/22102003/22102003_face_272.jpg,dataset/rejected/22102003/22102003_face_272.jpg,detection_confidence_below_threshold,1,,,,,
22102003,22102003_face_276.jpg,dataset/raw/uncovered/22102003/22102003_face_276.jpg,dataset/rejected/22102003/22102003_face_276.jpg,detection_confidence_below_threshold,1,,,,,
22102003,22102003_face_277.jpg,dataset/raw/uncovered/22102003/22102003_face_277.jpg,dataset/rejected/22102003/22102003_face_277.jpg,detection_confidence_below_threshold,1,,,,,
22102003,22102003_face_298.jpg,dataset/raw/uncovered/22102003/22102003_face_298.jpg,dataset/rejected/22102003/22102003_face_298.jpg,detection_confidence_below_threshold,1,,,,,
22102003,22102003_face_330.jpg,dataset/raw/uncovered/22102003/22102003_face_330.jpg,dataset/rejected/22102003/22102003_face_330.jpg,no_face_detected,0,,,,,
22102003,22102003_face_332.jpg,dataset/raw/uncovered/22102003/22102003_face_332.jpg,dataset/rejected/22102003/22102003_face_332.jpg,no_face_detected,0,,,,,
22102004,22102004_face_050.jpg,dataset/raw/uncovered/22102004/22102004_face_050.jpg,dataset/rejected/22102004/22102004_face_050.jpg,no_face_detected,0,,,,,
22102004,22102004_face_051.jpg,dataset/raw/uncovered/22102004/22102004_face_051.jpg,dataset/rejected/22102004/22102004_face_051.jpg,no_face_detected,0,,,,,
22102004,22102004_face_057.jpg,dataset/raw/uncovered/22102004/22102004_face_057.jpg,dataset/rejected/22102004/22102004_face_057.jpg,detection_confidence_below_threshold,1,,,,,
22102004,22102004_face_064.jpg,dataset/raw/uncovered/22102004/22102004_face_064.jpg,dataset/rejected/22102004/22102004_face_064.jpg,no_face_detected,0,,,,,
22102005,22102005_face_008.jpg,dataset/raw/uncovered/22102005/22102005_face_008.jpg,dataset/rejected/22102005/22102005_face_008.jpg,detection_confidence_below_threshold,1,,,,,
22102005,22102005_face_030.jpg,dataset/raw/uncovered/22102005/22102005_face_030.jpg,dataset/rejected/22102005/22102005_face_030.jpg,detection_confidence_below_threshold,1,,,,,
22102005,22102005_face_043.jpg,dataset/raw/uncovered/22102005/22102005_face_043.jpg,dataset/rejected/22102005/22102005_face_043.jpg,no_face_detected,0,,,,,
22102005,22102005_face_062.jpg,dataset/raw/uncovered/22102005/22102005_face_062.jpg,dataset/rejected/22102005/22102005_face_062.jpg,detection_confidence_below_threshold,1,,,,,
22102006,22102006_face_092.jpg,dataset/raw/uncovered/22102006/22102006_face_092.jpg,dataset/rejected/22102006/22102006_face_092.jpg,no_face_detected,0,,,,,
22102006,22102006_face_162.jpg,dataset/raw/uncovered/22102006/22102006_face_162.jpg,dataset/rejected/22102006/22102006_face_162.jpg,no_face_detected,0,,,,,
22102006,22102006_face_163.jpg,dataset/raw/uncovered/22102006/22102006_face_163.jpg,dataset/rejected/22102006/22102006_face_163.jpg,no_face_detected,0,,,,,
22102006,22102006_face_164.jpg,dataset/raw/uncovered/22102006/22102006_face_164.jpg,dataset/rejected/22102006/22102006_face_164.jpg,no_face_detected,0,,,,,
22102006,22102006_face_165.jpg,dataset/raw/uncovered/22102006/22102006_face_165.jpg,dataset/rejected/22102006/22102006_face_165.jpg,no_face_detected,0,,,,,
22102006,22102006_face_166.jpg,dataset/raw/uncovered/22102006/22102006_face_166.jpg,dataset/rejected/22102006/22102006_face_166.jpg,no_face_detected,0,,,,,
22102006,22102006_face_167.jpg,dataset/raw/uncovered/22102006/22102006_face_167.jpg,dataset/rejected/22102006/22102006_face_167.jpg,no_face_detected,0,,,,,
22102006,22102006_face_168.jpg,dataset/raw/uncovered/22102006/22102006_face_168.jpg,dataset/rejected/22102006/22102006_face_168.jpg,no_face_detected,0,,,,,
22102006,22102006_face_169.jpg,dataset/raw/uncovered/22102006/22102006_face_169.jpg,dataset/rejected/22102006/22102006_face_169.jpg,no_face_detected,0,,,,,
22102006,22102006_face_170.jpg,dataset/raw/uncovered/22102006/22102006_face_170.jpg,dataset/rejected/22102006/22102006_face_170.jpg,no_face_detected,0,,,,,
22102006,22102006_face_171.jpg,dataset/raw/uncovered/22102006/22102006_face_171.jpg,dataset/rejected/22102006/22102006_face_171.jpg,no_face_detected,0,,,,,
22102006,22102006_face_172.jpg,dataset/raw/uncovered/22102006/22102006_face_172.jpg,dataset/rejected/22102006/22102006_face_172.jpg,no_face_detected,0,,,,,
22102007,22102007_face_001.jpg,dataset/raw/uncovered/22102007/22102007_face_001.jpg,dataset/rejected/22102007/22102007_face_001.jpg,detection_confidence_below_threshold,1,,,,,
22102007,22102007_face_002.jpg,dataset/raw/uncovered/22102007/22102007_face_002.jpg,dataset/rejected/22102007/22102007_face_002.jpg,no_face_detected,0,,,,,
22102007,22102007_face_003.jpg,dataset/raw/uncovered/22102007/22102007_face_003.jpg,dataset/rejected/22102007/22102007_face_003.jpg,no_face_detected,0,,,,,
22102007,22102007_face_020.jpg,dataset/raw/uncovered/22102007/22102007_face_020.jpg,dataset/rejected/22102007/22102007_face_020.jpg,no_face_detected,0,,,,,
22102007,22102007_face_021.jpg,dataset/raw/uncovered/22102007/22102007_face_021.jpg,dataset/rejected/22102007/22102007_face_021.jpg,no_face_detected,0,,,,,
22102007,22102007_face_022.jpg,dataset/raw/uncovered/22102007/22102007_face_022.jpg,dataset/rejected/22102007/22102007_face_022.jpg,no_face_detected,0,,,,,
22102007,22102007_face_023.jpg,dataset/raw/uncovered/22102007/22102007_face_023.jpg,dataset/rejected/22102007/22102007_face_023.jpg,no_face_detected,0,,,,,
22102007,22102007_face_024.jpg,dataset/raw/uncovered/22102007/22102007_face_024.jpg,dataset/rejected/22102007/22102007_face_024.jpg,no_face_detected,0,,,,,
22102007,22102007_face_025.jpg,dataset/raw/uncovered/22102007/22102007_face_025.jpg,dataset/rejected/22102007/22102007_face_025.jpg,detection_confidence_below_threshold,1,,,,,
22102007,22102007_face_026.jpg,dataset/raw/uncovered/22102007/22102007_face_026.jpg,dataset/rejected/22102007/22102007_face_026.jpg,no_face_detected,0,,,,,
22102007,22102007_face_027.jpg,dataset/raw/uncovered/22102007/22102007_face_027.jpg,dataset/rejected/22102007/22102007_face_027.jpg,no_face_detected,0,,,,,
22102007,22102007_face_028.jpg,dataset/raw/uncovered/22102007/22102007_face_028.jpg,dataset/rejected/22102007/22102007_face_028.jpg,no_face_detected,0,,,,,
22102007,22102007_face_029.jpg,dataset/raw/uncovered/22102007/22102007_face_029.jpg,dataset/rejected/22102007/22102007_face_029.jpg,no_face_detected,0,,,,,
22102007,22102007_face_030.jpg,dataset/raw/uncovered/22102007/22102007_face_030.jpg,dataset/rejected/22102007/22102007_face_030.jpg,no_face_detected,0,,,,,
22102007,22102007_face_031.jpg,dataset/raw/uncovered/22102007/22102007_face_031.jpg,dataset/rejected/22102007/22102007_face_031.jpg,no_face_detected,0,,,,,
22102007,22102007_face_032.jpg,dataset/raw/uncovered/22102007/22102007_face_032.jpg,dataset/rejected/22102007/22102007_face_032.jpg,detection_confidence_below_threshold,1,,,,,
22102007,22102007_face_035.jpg,dataset/raw/uncovered/22102007/22102007_face_035.jpg,dataset/rejected/22102007/22102007_face_035.jpg,no_face_detected,0,,,,,
22102007,22102007_face_042.jpg,dataset/raw/uncovered/22102007/22102007_face_042.jpg,dataset/rejected/22102007/22102007_face_042.jpg,detection_confidence_below_threshold,1,,,,,
22102007,22102007_face_043.jpg,dataset/raw/uncovered/22102007/22102007_face_043.jpg,dataset/rejected/22102007/22102007_face_043.jpg,no_face_detected,0,,,,,
22102007,22102007_face_044.jpg,dataset/raw/uncovered/22102007/22102007_face_044.jpg,dataset/rejected/22102007/22102007_face_044.jpg,detection_confidence_below_threshold,1,,,,,
22102007,22102007_face_049.jpg,dataset/raw/uncovered/22102007/22102007_face_049.jpg,dataset/rejected/22102007/22102007_face_049.jpg,detection_confidence_below_threshold,1,,,,,
22102007,22102007_face_057.jpg,dataset/raw/uncovered/22102007/22102007_face_057.jpg,dataset/rejected/22102007/22102007_face_057.jpg,no_face_detected,0,,,,,
22102007,22102007_face_058.jpg,dataset/raw/uncovered/22102007/22102007_face_058.jpg,dataset/rejected/22102007/22102007_face_058.jpg,no_face_detected,0,,,,,
22102007,22102007_face_059.jpg,dataset/raw/uncovered/22102007/22102007_face_059.jpg,dataset/rejected/22102007/22102007_face_059.jpg,no_face_detected,0,,,,,
22102007,22102007_face_060.jpg,dataset/raw/uncovered/22102007/22102007_face_060.jpg,dataset/rejected/22102007/22102007_face_060.jpg,no_face_detected,0,,,,,
22102007,22102007_face_061.jpg,dataset/raw/uncovered/22102007/22102007_face_061.jpg,dataset/rejected/22102007/22102007_face_061.jpg,detection_confidence_below_threshold,1,,,,,
22102007,22102007_face_062.jpg,dataset/raw/uncovered/22102007/22102007_face_062.jpg,dataset/rejected/22102007/22102007_face_062.jpg,no_face_detected,0,,,,,
22102007,22102007_face_063.jpg,dataset/raw/uncovered/22102007/22102007_face_063.jpg,dataset/rejected/22102007/22102007_face_063.jpg,detection_confidence_below_threshold,1,,,,,
22102007,22102007_face_065.jpg,dataset/raw/uncovered/22102007/22102007_face_065.jpg,dataset/rejected/22102007/22102007_face_065.jpg,no_face_detected,0,,,,,
22102007,22102007_face_068.jpg,dataset/raw/uncovered/22102007/22102007_face_068.jpg,dataset/rejected/22102007/22102007_face_068.jpg,no_face_detected,0,,,,,
22102007,22102007_face_071.jpg,dataset/raw/uncovered/22102007/22102007_face_071.jpg,dataset/rejected/22102007/22102007_face_071.jpg,no_face_detected,0,,,,,
22102007,22102007_face_073.jpg,dataset/raw/uncovered/22102007/22102007_face_073.jpg,dataset/rejected/22102007/22102007_face_073.jpg,no_face_detected,0,,,,,
22102007,22102007_face_074.jpg,dataset/raw/uncovered/22102007/22102007_face_074.jpg,dataset/rejected/22102007/22102007_face_074.jpg,no_face_detected,0,,,,,
22102007,22102007_face_075.jpg,dataset/raw/uncovered/22102007/22102007_face_075.jpg,dataset/rejected/22102007/22102007_face_075.jpg,no_face_detected,0,,,,,
22102007,22102007_face_086.jpg,dataset/raw/uncovered/22102007/22102007_face_086.jpg,dataset/rejected/22102007/22102007_face_086.jpg,no_face_detected,0,,,,,
22102007,22102007_face_087.jpg,dataset/raw/uncovered/22102007/22102007_face_087.jpg,dataset/rejected/22102007/22102007_face_087.jpg,no_face_detected,0,,,,,
22102007,22102007_face_088.jpg,dataset/raw/uncovered/22102007/22102007_face_088.jpg,dataset/rejected/22102007/22102007_face_088.jpg,no_face_detected,0,,,,,
22102007,22102007_face_092.jpg,dataset/raw/uncovered/22102007/22102007_face_092.jpg,dataset/rejected/22102007/22102007_face_092.jpg,detection_confidence_below_threshold,1,,,,,
22102007,22102007_face_101.jpg,dataset/raw/uncovered/22102007/22102007_face_101.jpg,dataset/rejected/22102007/22102007_face_101.jpg,no_face_detected,0,,,,,
22102007,22102007_face_102.jpg,dataset/raw/uncovered/22102007/22102007_face_102.jpg,dataset/rejected/22102007/22102007_face_102.jpg,no_face_detected,0,,,,,
22102007,22102007_face_112.jpg,dataset/raw/uncovered/22102007/22102007_face_112.jpg,dataset/rejected/22102007/22102007_face_112.jpg,detection_confidence_below_threshold,1,,,,,
22102007,22102007_face_119.jpg,dataset/raw/uncovered/22102007/22102007_face_119.jpg,dataset/rejected/22102007/22102007_face_119.jpg,detection_confidence_below_threshold,1,,,,,
22102007,22102007_face_120.jpg,dataset/raw/uncovered/22102007/22102007_face_120.jpg,dataset/rejected/22102007/22102007_face_120.jpg,no_face_detected,0,,,,,
22102007,22102007_face_121.jpg,dataset/raw/uncovered/22102007/22102007_face_121.jpg,dataset/rejected/22102007/22102007_face_121.jpg,detection_confidence_below_threshold,1,,,,,
22102007,22102007_face_122.jpg,dataset/raw/uncovered/22102007/22102007_face_122.jpg,dataset/rejected/22102007/22102007_face_122.jpg,no_face_detected,0,,,,,
22102007,22102007_face_123.jpg,dataset/raw/uncovered/22102007/22102007_face_123.jpg,dataset/rejected/22102007/22102007_face_123.jpg,no_face_detected,0,,,,,
22102007,22102007_face_126.jpg,dataset/raw/uncovered/22102007/22102007_face_126.jpg,dataset/rejected/22102007/22102007_face_126.jpg,no_face_detected,0,,,,,
22102007,22102007_face_127.jpg,dataset/raw/uncovered/22102007/22102007_face_127.jpg,dataset/rejected/22102007/22102007_face_127.jpg,no_face_detected,0,,,,,
22102007,22102007_face_130.jpg,dataset/raw/uncovered/22102007/22102007_face_130.jpg,dataset/rejected/22102007/22102007_face_130.jpg,no_face_detected,0,,,,,
22102007,22102007_face_132.jpg,dataset/raw/uncovered/22102007/22102007_face_132.jpg,dataset/rejected/22102007/22102007_face_132.jpg,detection_confidence_below_threshold,1,,,,,
22102007,22102007_face_134.jpg,dataset/raw/uncovered/22102007/22102007_face_134.jpg,dataset/rejected/22102007/22102007_face_134.jpg,no_face_detected,0,,,,,
22102008,22102008_face_105.jpg,dataset/raw/uncovered/22102008/22102008_face_105.jpg,dataset/rejected/22102008/22102008_face_105.jpg,no_face_detected,0,,,,,
22102008,22102008_face_133.jpg,dataset/raw/uncovered/22102008/22102008_face_133.jpg,dataset/rejected/22102008/22102008_face_133.jpg,detection_confidence_below_threshold,1,,,,,
22102008,22102008_face_139.jpg,dataset/raw/uncovered/22102008/22102008_face_139.jpg,dataset/rejected/22102008/22102008_face_139.jpg,detection_confidence_below_threshold,1,,,,,
22102009,22102009_face_002.jpg,dataset/raw/uncovered/22102009/22102009_face_002.jpg,dataset/rejected/22102009/22102009_face_002.jpg,no_face_detected,0,,,,,
22102009,22102009_face_006.jpg,dataset/raw/uncovered/22102009/22102009_face_006.jpg,dataset/rejected/22102009/22102009_face_006.jpg,no_face_detected,0,,,,,
22102009,22102009_face_009.jpg,dataset/raw/uncovered/22102009/22102009_face_009.jpg,dataset/rejected/22102009/22102009_face_009.jpg,detection_confidence_below_threshold,1,,,,,
22102009,22102009_face_010.jpg,dataset/raw/uncovered/22102009/22102009_face_010.jpg,dataset/rejected/22102009/22102009_face_010.jpg,detection_confidence_below_threshold,1,,,,,
22102009,22102009_face_012.jpg,dataset/raw/uncovered/22102009/22102009_face_012.jpg,dataset/rejected/22102009/22102009_face_012.jpg,no_face_detected,0,,,,,
22102009,22102009_face_013.jpg,dataset/raw/uncovered/22102009/22102009_face_013.jpg,dataset/rejected/22102009/22102009_face_013.jpg,no_face_detected,0,,,,,
22102009,22102009_face_014.jpg,dataset/raw/uncovered/22102009/22102009_face_014.jpg,dataset/rejected/22102009/22102009_face_014.jpg,no_face_detected,0,,,,,
22102009,22102009_face_015.jpg,dataset/raw/uncovered/22102009/22102009_face_015.jpg,dataset/rejected/22102009/22102009_face_015.jpg,no_face_detected,0,,,,,
22102009,22102009_face_016.jpg,dataset/raw/uncovered/22102009/22102009_face_016.jpg,dataset/rejected/22102009/22102009_face_016.jpg,no_face_detected,0,,,,,
22102009,22102009_face_017.jpg,dataset/raw/uncovered/22102009/22102009_face_017.jpg,dataset/rejected/22102009/22102009_face_017.jpg,detection_confidence_below_threshold,1,,,,,
22102009,22102009_face_059.jpg,dataset/raw/uncovered/22102009/22102009_face_059.jpg,dataset/rejected/22102009/22102009_face_059.jpg,no_face_detected,0,,,,,
22102009,22102009_face_061.jpg,dataset/raw/uncovered/22102009/22102009_face_061.jpg,dataset/rejected/22102009/22102009_face_061.jpg,no_face_detected,0,,,,,
22102009,22102009_face_062.jpg,dataset/raw/uncovered/22102009/22102009_face_062.jpg,dataset/rejected/22102009/22102009_face_062.jpg,no_face_detected,0,,,,,
22102009,22102009_face_066.jpg,dataset/raw/uncovered/22102009/22102009_face_066.jpg,dataset/rejected/22102009/22102009_face_066.jpg,detection_confidence_below_threshold,1,,,,,
22102009,22102009_face_067.jpg,dataset/raw/uncovered/22102009/22102009_face_067.jpg,dataset/rejected/22102009/22102009_face_067.jpg,no_face_detected,0,,,,,
22102010,22102010_face_002.jpg,dataset/raw/uncovered/22102010/22102010_face_002.jpg,dataset/rejected/22102010/22102010_face_002.jpg,detection_confidence_below_threshold,1,,,,,
22102010,22102010_face_004.jpg,dataset/raw/uncovered/22102010/22102010_face_004.jpg,dataset/rejected/22102010/22102010_face_004.jpg,no_face_detected,0,,,,,
22102010,22102010_face_005.jpg,dataset/raw/uncovered/22102010/22102010_face_005.jpg,dataset/rejected/22102010/22102010_face_005.jpg,detection_confidence_below_threshold,1,,,,,
22102010,22102010_face_013.jpg,dataset/raw/uncovered/22102010/22102010_face_013.jpg,dataset/rejected/22102010/22102010_face_013.jpg,face_too_small,1,,,,,
22102010,22102010_face_017.jpg,dataset/raw/uncovered/22102010/22102010_face_017.jpg,dataset/rejected/22102010/22102010_face_017.jpg,no_face_detected,0,,,,,
22102010,22102010_face_019.jpg,dataset/raw/uncovered/22102010/22102010_face_019.jpg,dataset/rejected/22102010/22102010_face_019.jpg,detection_confidence_below_threshold,1,,,,,
22102010,22102010_face_027.jpg,dataset/raw/uncovered/22102010/22102010_face_027.jpg,dataset/rejected/22102010/22102010_face_027.jpg,no_face_detected,0,,,,,
22102010,22102010_face_069.jpg,dataset/raw/uncovered/22102010/22102010_face_069.jpg,dataset/rejected/22102010/22102010_face_069.jpg,no_face_detected,0,,,,,
22102010,22102010_face_071.jpg,dataset/raw/uncovered/22102010/22102010_face_071.jpg,dataset/rejected/22102010/22102010_face_071.jpg,detection_confidence_below_threshold,1,,,,,
22102010,22102010_face_072.jpg,dataset/raw/uncovered/22102010/22102010_face_072.jpg,dataset/rejected/22102010/22102010_face_072.jpg,detection_confidence_below_threshold,2,,,,,
22102010,22102010_face_074.jpg,dataset/raw/uncovered/22102010/22102010_face_074.jpg,dataset/rejected/22102010/22102010_face_074.jpg,no_face_detected,0,,,,,
22102010,22102010_face_085.jpg,dataset/raw/uncovered/22102010/22102010_face_085.jpg,dataset/rejected/22102010/22102010_face_085.jpg,no_face_detected,0,,,,,
22102010,22102010_face_086.jpg,dataset/raw/uncovered/22102010/22102010_face_086.jpg,dataset/rejected/22102010/22102010_face_086.jpg,no_face_detected,0,,,,,
22102010,22102010_face_087.jpg,dataset/raw/uncovered/22102010/22102010_face_087.jpg,dataset/rejected/22102010/22102010_face_087.jpg,no_face_detected,0,,,,,
22102010,22102010_face_130.jpg,dataset/raw/uncovered/22102010/22102010_face_130.jpg,dataset/rejected/22102010/22102010_face_130.jpg,detection_confidence_below_threshold,1,,,,,
22102010,22102010_face_131.jpg,dataset/raw/uncovered/22102010/22102010_face_131.jpg,dataset/rejected/22102010/22102010_face_131.jpg,detection_confidence_below_threshold,1,,,,,
22102010,22102010_face_133.jpg,dataset/raw/uncovered/22102010/22102010_face_133.jpg,dataset/rejected/22102010/22102010_face_133.jpg,no_face_detected,0,,,,,
22102010,22102010_face_134.jpg,dataset/raw/uncovered/22102010/22102010_face_134.jpg,dataset/rejected/22102010/22102010_face_134.jpg,no_face_detected,0,,,,,
22102010,22102010_face_136.jpg,dataset/raw/uncovered/22102010/22102010_face_136.jpg,dataset/rejected/22102010/22102010_face_136.jpg,detection_confidence_below_threshold,2,,,,,
22102010,22102010_face_137.jpg,dataset/raw/uncovered/22102010/22102010_face_137.jpg,dataset/rejected/22102010/22102010_face_137.jpg,no_face_detected,0,,,,,
22102010,22102010_face_139.jpg,dataset/raw/uncovered/22102010/22102010_face_139.jpg,dataset/rejected/22102010/22102010_face_139.jpg,no_face_detected,0,,,,,
22102010,22102010_face_140.jpg,dataset/raw/uncovered/22102010/22102010_face_140.jpg,dataset/rejected/22102010/22102010_face_140.jpg,no_face_detected,0,,,,,
22102010,22102010_face_141.jpg,dataset/raw/uncovered/22102010/22102010_face_141.jpg,dataset/rejected/22102010/22102010_face_141.jpg,face_too_small,1,,,,,
22102010,22102010_face_151.jpg,dataset/raw/uncovered/22102010/22102010_face_151.jpg,dataset/rejected/22102010/22102010_face_151.jpg,no_face_detected,0,,,,,
22102010,22102010_face_153.jpg,dataset/raw/uncovered/22102010/22102010_face_153.jpg,dataset/rejected/22102010/22102010_face_153.jpg,detection_confidence_below_threshold,1,,,,,
22102010,22102010_face_154.jpg,dataset/raw/uncovered/22102010/22102010_face_154.jpg,dataset/rejected/22102010/22102010_face_154.jpg,detection_confidence_below_threshold,1,,,,,
22102010,22102010_face_155.jpg,dataset/raw/uncovered/22102010/22102010_face_155.jpg,dataset/rejected/22102010/22102010_face_155.jpg,detection_confidence_below_threshold,1,,,,,
22102010,22102010_face_157.jpg,dataset/raw/uncovered/22102010/22102010_face_157.jpg,dataset/rejected/22102010/22102010_face_157.jpg,no_face_detected,0,,,,,
22102010,22102010_face_158.jpg,dataset/raw/uncovered/22102010/22102010_face_158.jpg,dataset/rejected/22102010/22102010_face_158.jpg,no_face_detected,0,,,,,
22102010,22102010_face_160.jpg,dataset/raw/uncovered/22102010/22102010_face_160.jpg,dataset/rejected/22102010/22102010_face_160.jpg,no_face_detected,0,,,,,
22102010,22102010_face_161.jpg,dataset/raw/uncovered/22102010/22102010_face_161.jpg,dataset/rejected/22102010/22102010_face_161.jpg,no_face_detected,0,,,,,
22102010,22102010_face_163.jpg,dataset/raw/uncovered/22102010/22102010_face_163.jpg,dataset/rejected/22102010/22102010_face_163.jpg,no_face_detected,0,,,,,
22102010,22102010_face_164.jpg,dataset/raw/uncovered/22102010/22102010_face_164.jpg,dataset/rejected/22102010/22102010_face_164.jpg,detection_confidence_below_threshold,1,,,,,
22102010,22102010_face_165.jpg,dataset/raw/uncovered/22102010/22102010_face_165.jpg,dataset/rejected/22102010/22102010_face_165.jpg,no_face_detected,0,,,,,
22102010,22102010_face_166.jpg,dataset/raw/uncovered/22102010/22102010_face_166.jpg,dataset/rejected/22102010/22102010_face_166.jpg,detection_confidence_below_threshold,1,,,,,
22102010,22102010_face_167.jpg,dataset/raw/uncovered/22102010/22102010_face_167.jpg,dataset/rejected/22102010/22102010_face_167.jpg,no_face_detected,0,,,,,
22102010,22102010_face_168.jpg,dataset/raw/uncovered/22102010/22102010_face_168.jpg,dataset/rejected/22102010/22102010_face_168.jpg,detection_confidence_below_threshold,1,,,,,
22102011,22102011_face_035.jpg,dataset/raw/uncovered/22102011/22102011_face_035.jpg,dataset/rejected/22102011/22102011_face_035.jpg,no_face_detected,0,,,,,
22102012,22102012_face_001.jpg,dataset/raw/uncovered/22102012/22102012_face_001.jpg,dataset/rejected/22102012/22102012_face_001.jpg,no_face_detected,0,,,,,
22102012,22102012_face_002.jpg,dataset/raw/uncovered/22102012/22102012_face_002.jpg,dataset/rejected/22102012/22102012_face_002.jpg,no_face_detected,0,,,,,
22102012,22102012_face_003.jpg,dataset/raw/uncovered/22102012/22102012_face_003.jpg,dataset/rejected/22102012/22102012_face_003.jpg,no_face_detected,0,,,,,
22102012,22102012_face_004.jpg,dataset/raw/uncovered/22102012/22102012_face_004.jpg,dataset/rejected/22102012/22102012_face_004.jpg,no_face_detected,0,,,,,
22102012,22102012_face_005.jpg,dataset/raw/uncovered/22102012/22102012_face_005.jpg,dataset/rejected/22102012/22102012_face_005.jpg,no_face_detected,0,,,,,
22102012,22102012_face_006.jpg,dataset/raw/uncovered/22102012/22102012_face_006.jpg,dataset/rejected/22102012/22102012_face_006.jpg,no_face_detected,0,,,,,
22102012,22102012_face_007.jpg,dataset/raw/uncovered/22102012/22102012_face_007.jpg,dataset/rejected/22102012/22102012_face_007.jpg,no_face_detected,0,,,,,
22102012,22102012_face_008.jpg,dataset/raw/uncovered/22102012/22102012_face_008.jpg,dataset/rejected/22102012/22102012_face_008.jpg,no_face_detected,0,,,,,
22102012,22102012_face_009.jpg,dataset/raw/uncovered/22102012/22102012_face_009.jpg,dataset/rejected/22102012/22102012_face_009.jpg,no_face_detected,0,,,,,
22102012,22102012_face_010.jpg,dataset/raw/uncovered/22102012/22102012_face_010.jpg,dataset/rejected/22102012/22102012_face_010.jpg,no_face_detected,0,,,,,
22102012,22102012_face_011.jpg,dataset/raw/uncovered/22102012/22102012_face_011.jpg,dataset/rejected/22102012/22102012_face_011.jpg,no_face_detected,0,,,,,
22102012,22102012_face_012.jpg,dataset/raw/uncovered/22102012/22102012_face_012.jpg,dataset/rejected/22102012/22102012_face_012.jpg,no_face_detected,0,,,,,
22102012,22102012_face_013.jpg,dataset/raw/uncovered/22102012/22102012_face_013.jpg,dataset/rejected/22102012/22102012_face_013.jpg,no_face_detected,0,,,,,
22102012,22102012_face_014.jpg,dataset/raw/uncovered/22102012/22102012_face_014.jpg,dataset/rejected/22102012/22102012_face_014.jpg,no_face_detected,0,,,,,
22102012,22102012_face_015.jpg,dataset/raw/uncovered/22102012/22102012_face_015.jpg,dataset/rejected/22102012/22102012_face_015.jpg,no_face_detected,0,,,,,
22102012,22102012_face_016.jpg,dataset/raw/uncovered/22102012/22102012_face_016.jpg,dataset/rejected/22102012/22102012_face_016.jpg,no_face_detected,0,,,,,
22102012,22102012_face_017.jpg,dataset/raw/uncovered/22102012/22102012_face_017.jpg,dataset/rejected/22102012/22102012_face_017.jpg,no_face_detected,0,,,,,
22102012,22102012_face_018.jpg,dataset/raw/uncovered/22102012/22102012_face_018.jpg,dataset/rejected/22102012/22102012_face_018.jpg,no_face_detected,0,,,,,
22102012,22102012_face_019.jpg,dataset/raw/uncovered/22102012/22102012_face_019.jpg,dataset/rejected/22102012/22102012_face_019.jpg,no_face_detected,0,,,,,
22102012,22102012_face_020.jpg,dataset/raw/uncovered/22102012/22102012_face_020.jpg,dataset/rejected/22102012/22102012_face_020.jpg,no_face_detected,0,,,,,
22102012,22102012_face_021.jpg,dataset/raw/uncovered/22102012/22102012_face_021.jpg,dataset/rejected/22102012/22102012_face_021.jpg,no_face_detected,0,,,,,
22102012,22102012_face_022.jpg,dataset/raw/uncovered/22102012/22102012_face_022.jpg,dataset/rejected/22102012/22102012_face_022.jpg,no_face_detected,0,,,,,
22102012,22102012_face_023.jpg,dataset/raw/uncovered/22102012/22102012_face_023.jpg,dataset/rejected/22102012/22102012_face_023.jpg,no_face_detected,0,,,,,
22102012,22102012_face_024.jpg,dataset/raw/uncovered/22102012/22102012_face_024.jpg,dataset/rejected/22102012/22102012_face_024.jpg,no_face_detected,0,,,,,
22102012,22102012_face_025.jpg,dataset/raw/uncovered/22102012/22102012_face_025.jpg,dataset/rejected/22102012/22102012_face_025.jpg,no_face_detected,0,,,,,
22102012,22102012_face_026.jpg,dataset/raw/uncovered/22102012/22102012_face_026.jpg,dataset/rejected/22102012/22102012_face_026.jpg,no_face_detected,0,,,,,
22102012,22102012_face_027.jpg,dataset/raw/uncovered/22102012/22102012_face_027.jpg,dataset/rejected/22102012/22102012_face_027.jpg,no_face_detected,0,,,,,
22102012,22102012_face_028.jpg,dataset/raw/uncovered/22102012/22102012_face_028.jpg,dataset/rejected/22102012/22102012_face_028.jpg,no_face_detected,0,,,,,
22102012,22102012_face_029.jpg,dataset/raw/uncovered/22102012/22102012_face_029.jpg,dataset/rejected/22102012/22102012_face_029.jpg,no_face_detected,0,,,,,
22102012,22102012_face_030.jpg,dataset/raw/uncovered/22102012/22102012_face_030.jpg,dataset/rejected/22102012/22102012_face_030.jpg,no_face_detected,0,,,,,
22102012,22102012_face_031.jpg,dataset/raw/uncovered/22102012/22102012_face_031.jpg,dataset/rejected/22102012/22102012_face_031.jpg,no_face_detected,0,,,,,
22102012,22102012_face_032.jpg,dataset/raw/uncovered/22102012/22102012_face_032.jpg,dataset/rejected/22102012/22102012_face_032.jpg,no_face_detected,0,,,,,
22102012,22102012_face_033.jpg,dataset/raw/uncovered/22102012/22102012_face_033.jpg,dataset/rejected/22102012/22102012_face_033.jpg,no_face_detected,0,,,,,
22102012,22102012_face_034.jpg,dataset/raw/uncovered/22102012/22102012_face_034.jpg,dataset/rejected/22102012/22102012_face_034.jpg,no_face_detected,0,,,,,
22102012,22102012_face_035.jpg,dataset/raw/uncovered/22102012/22102012_face_035.jpg,dataset/rejected/22102012/22102012_face_035.jpg,no_face_detected,0,,,,,
22102012,22102012_face_036.jpg,dataset/raw/uncovered/22102012/22102012_face_036.jpg,dataset/rejected/22102012/22102012_face_036.jpg,no_face_detected,0,,,,,
22102012,22102012_face_037.jpg,dataset/raw/uncovered/22102012/22102012_face_037.jpg,dataset/rejected/22102012/22102012_face_037.jpg,no_face_detected,0,,,,,
22102012,22102012_face_039.jpg,dataset/raw/uncovered/22102012/22102012_face_039.jpg,dataset/rejected/22102012/22102012_face_039.jpg,no_face_detected,0,,,,,
22102012,22102012_face_040.jpg,dataset/raw/uncovered/22102012/22102012_face_040.jpg,dataset/rejected/22102012/22102012_face_040.jpg,detection_confidence_below_threshold,1,,,,,
22102012,22102012_face_045.jpg,dataset/raw/uncovered/22102012/22102012_face_045.jpg,dataset/rejected/22102012/22102012_face_045.jpg,detection_confidence_below_threshold,1,,,,,
22102012,22102012_face_047.jpg,dataset/raw/uncovered/22102012/22102012_face_047.jpg,dataset/rejected/22102012/22102012_face_047.jpg,detection_confidence_below_threshold,2,,,,,
22102012,22102012_face_048.jpg,dataset/raw/uncovered/22102012/22102012_face_048.jpg,dataset/rejected/22102012/22102012_face_048.jpg,detection_confidence_below_threshold,2,,,,,
22102012,22102012_face_049.jpg,dataset/raw/uncovered/22102012/22102012_face_049.jpg,dataset/rejected/22102012/22102012_face_049.jpg,detection_confidence_below_threshold,2,,,,,
22102012,22102012_face_050.jpg,dataset/raw/uncovered/22102012/22102012_face_050.jpg,dataset/rejected/22102012/22102012_face_050.jpg,detection_confidence_below_threshold,1,,,,,
22102012,22102012_face_051.jpg,dataset/raw/uncovered/22102012/22102012_face_051.jpg,dataset/rejected/22102012/22102012_face_051.jpg,no_face_detected,0,,,,,
22102012,22102012_face_060.jpg,dataset/raw/uncovered/22102012/22102012_face_060.jpg,dataset/rejected/22102012/22102012_face_060.jpg,no_face_detected,0,,,,,
22102012,22102012_face_061.jpg,dataset/raw/uncovered/22102012/22102012_face_061.jpg,dataset/rejected/22102012/22102012_face_061.jpg,no_face_detected,0,,,,,
22102012,22102012_face_062.jpg,dataset/raw/uncovered/22102012/22102012_face_062.jpg,dataset/rejected/22102012/22102012_face_062.jpg,no_face_detected,0,,,,,
22102012,22102012_face_063.jpg,dataset/raw/uncovered/22102012/22102012_face_063.jpg,dataset/rejected/22102012/22102012_face_063.jpg,no_face_detected,0,,,,,
22102012,22102012_face_064.jpg,dataset/raw/uncovered/22102012/22102012_face_064.jpg,dataset/rejected/22102012/22102012_face_064.jpg,detection_confidence_below_threshold,1,,,,,
22102012,22102012_face_066.jpg,dataset/raw/uncovered/22102012/22102012_face_066.jpg,dataset/rejected/22102012/22102012_face_066.jpg,no_face_detected,0,,,,,
22102012,22102012_face_067.jpg,dataset/raw/uncovered/22102012/22102012_face_067.jpg,dataset/rejected/22102012/22102012_face_067.jpg,detection_confidence_below_threshold,1,,,,,
22102012,22102012_face_071.jpg,dataset/raw/uncovered/22102012/22102012_face_071.jpg,dataset/rejected/22102012/22102012_face_071.jpg,no_face_detected,0,,,,,
22102012,22102012_face_072.jpg,dataset/raw/uncovered/22102012/22102012_face_072.jpg,dataset/rejected/22102012/22102012_face_072.jpg,no_face_detected,0,,,,,
22102012,22102012_face_073.jpg,dataset/raw/uncovered/22102012/22102012_face_073.jpg,dataset/rejected/22102012/22102012_face_073.jpg,no_face_detected,0,,,,,
22102012,22102012_face_074.jpg,dataset/raw/uncovered/22102012/22102012_face_074.jpg,dataset/rejected/22102012/22102012_face_074.jpg,no_face_detected,0,,,,,
22102012,22102012_face_075.jpg,dataset/raw/uncovered/22102012/22102012_face_075.jpg,dataset/rejected/22102012/22102012_face_075.jpg,no_face_detected,0,,,,,
22102012,22102012_face_087.jpg,dataset/raw/uncovered/22102012/22102012_face_087.jpg,dataset/rejected/22102012/22102012_face_087.jpg,detection_confidence_below_threshold,1,,,,,
22102012,22102012_face_088.jpg,dataset/raw/uncovered/22102012/22102012_face_088.jpg,dataset/rejected/22102012/22102012_face_088.jpg,no_face_detected,0,,,,,
22102012,22102012_face_089.jpg,dataset/raw/uncovered/22102012/22102012_face_089.jpg,dataset/rejected/22102012/22102012_face_089.jpg,detection_confidence_below_threshold,1,,,,,
22102012,22102012_face_090.jpg,dataset/raw/uncovered/22102012/22102012_face_090.jpg,dataset/rejected/22102012/22102012_face_090.jpg,detection_confidence_below_threshold,1,,,,,
22102012,22102012_face_091.jpg,dataset/raw/uncovered/22102012/22102012_face_091.jpg,dataset/rejected/22102012/22102012_face_091.jpg,detection_confidence_below_threshold,1,,,,,
22102012,22102012_face_092.jpg,dataset/raw/uncovered/22102012/22102012_face_092.jpg,dataset/rejected/22102012/22102012_face_092.jpg,no_face_detected,0,,,,,
22102012,22102012_face_093.jpg,dataset/raw/uncovered/22102012/22102012_face_093.jpg,dataset/rejected/22102012/22102012_face_093.jpg,no_face_detected,0,,,,,
22102012,22102012_face_094.jpg,dataset/raw/uncovered/22102012/22102012_face_094.jpg,dataset/rejected/22102012/22102012_face_094.jpg,no_face_detected,0,,,,,
22102012,22102012_face_095.jpg,dataset/raw/uncovered/22102012/22102012_face_095.jpg,dataset/rejected/22102012/22102012_face_095.jpg,no_face_detected,0,,,,,
22102012,22102012_face_096.jpg,dataset/raw/uncovered/22102012/22102012_face_096.jpg,dataset/rejected/22102012/22102012_face_096.jpg,no_face_detected,0,,,,,
22102012,22102012_face_097.jpg,dataset/raw/uncovered/22102012/22102012_face_097.jpg,dataset/rejected/22102012/22102012_face_097.jpg,no_face_detected,0,,,,,
22102012,22102012_face_098.jpg,dataset/raw/uncovered/22102012/22102012_face_098.jpg,dataset/rejected/22102012/22102012_face_098.jpg,no_face_detected,0,,,,,
22102012,22102012_face_099.jpg,dataset/raw/uncovered/22102012/22102012_face_099.jpg,dataset/rejected/22102012/22102012_face_099.jpg,no_face_detected,0,,,,,
22102012,22102012_face_100.jpg,dataset/raw/uncovered/22102012/22102012_face_100.jpg,dataset/rejected/22102012/22102012_face_100.jpg,no_face_detected,0,,,,,
22102012,22102012_face_101.jpg,dataset/raw/uncovered/22102012/22102012_face_101.jpg,dataset/rejected/22102012/22102012_face_101.jpg,no_face_detected,0,,,,,
22102012,22102012_face_102.jpg,dataset/raw/uncovered/22102012/22102012_face_102.jpg,dataset/rejected/22102012/22102012_face_102.jpg,no_face_detected,0,,,,,
22102012,22102012_face_103.jpg,dataset/raw/uncovered/22102012/22102012_face_103.jpg,dataset/rejected/22102012/22102012_face_103.jpg,no_face_detected,0,,,,,
22102012,22102012_face_105.jpg,dataset/raw/uncovered/22102012/22102012_face_105.jpg,dataset/rejected/22102012/22102012_face_105.jpg,detection_confidence_below_threshold,1,,,,,
22102012,22102012_face_107.jpg,dataset/raw/uncovered/22102012/22102012_face_107.jpg,dataset/rejected/22102012/22102012_face_107.jpg,detection_confidence_below_threshold,1,,,,,
22102012,22102012_face_108.jpg,dataset/raw/uncovered/22102012/22102012_face_108.jpg,dataset/rejected/22102012/22102012_face_108.jpg,detection_confidence_below_threshold,1,,,,,
22102012,22102012_face_125.jpg,dataset/raw/uncovered/22102012/22102012_face_125.jpg,dataset/rejected/22102012/22102012_face_125.jpg,detection_confidence_below_threshold,1,,,,,
22102012,22102012_face_161.jpg,dataset/raw/uncovered/22102012/22102012_face_161.jpg,dataset/rejected/22102012/22102012_face_161.jpg,no_face_detected,0,,,,,
22102012,22102012_face_164.jpg,dataset/raw/uncovered/22102012/22102012_face_164.jpg,dataset/rejected/22102012/22102012_face_164.jpg,detection_confidence_below_threshold,1,,,,,
22102012,22102012_face_165.jpg,dataset/raw/uncovered/22102012/22102012_face_165.jpg,dataset/rejected/22102012/22102012_face_165.jpg,no_face_detected,0,,,,,
22102012,22102012_face_166.jpg,dataset/raw/uncovered/22102012/22102012_face_166.jpg,dataset/rejected/22102012/22102012_face_166.jpg,no_face_detected,0,,,,,
22102012,22102012_face_167.jpg,dataset/raw/uncovered/22102012/22102012_face_167.jpg,dataset/rejected/22102012/22102012_face_167.jpg,no_face_detected,0,,,,,
22102012,22102012_face_168.jpg,dataset/raw/uncovered/22102012/22102012_face_168.jpg,dataset/rejected/22102012/22102012_face_168.jpg,no_face_detected,0,,,,,
22102012,22102012_face_169.jpg,dataset/raw/uncovered/22102012/22102012_face_169.jpg,dataset/rejected/22102012/22102012_face_169.jpg,no_face_detected,0,,,,,
22102012,22102012_face_170.jpg,dataset/raw/uncovered/22102012/22102012_face_170.jpg,dataset/rejected/22102012/22102012_face_170.jpg,no_face_detected,0,,,,,
22102012,22102012_face_171.jpg,dataset/raw/uncovered/22102012/22102012_face_171.jpg,dataset/rejected/22102012/22102012_face_171.jpg,no_face_detected,0,,,,,
22102012,22102012_face_172.jpg,dataset/raw/uncovered/22102012/22102012_face_172.jpg,dataset/rejected/22102012/22102012_face_172.jpg,detection_confidence_below_threshold,1,,,,,
22102012,22102012_face_188.jpg,dataset/raw/uncovered/22102012/22102012_face_188.jpg,dataset/rejected/22102012/22102012_face_188.jpg,detection_confidence_below_threshold,1,,,,,
22102013,22102013_face_008.jpg,dataset/raw/uncovered/22102013/22102013_face_008.jpg,dataset/rejected/22102013/22102013_face_008.jpg,no_face_detected,0,,,,,
22102013,22102013_face_025.jpg,dataset/raw/uncovered/22102013/22102013_face_025.jpg,dataset/rejected/22102013/22102013_face_025.jpg,no_face_detected,0,,,,,
22102013,22102013_face_026.jpg,dataset/raw/uncovered/22102013/22102013_face_026.jpg,dataset/rejected/22102013/22102013_face_026.jpg,detection_confidence_below_threshold,1,,,,,
22102013,22102013_face_031.jpg,dataset/raw/uncovered/22102013/22102013_face_031.jpg,dataset/rejected/22102013/22102013_face_031.jpg,detection_confidence_below_threshold,1,,,,,
22102013,22102013_face_034.jpg,dataset/raw/uncovered/22102013/22102013_face_034.jpg,dataset/rejected/22102013/22102013_face_034.jpg,no_face_detected,0,,,,,
22102013,22102013_face_041.jpg,dataset/raw/uncovered/22102013/22102013_face_041.jpg,dataset/rejected/22102013/22102013_face_041.jpg,detection_confidence_below_threshold,1,,,,,
22102013,22102013_face_057.jpg,dataset/raw/uncovered/22102013/22102013_face_057.jpg,dataset/rejected/22102013/22102013_face_057.jpg,detection_confidence_below_threshold,1,,,,,
22102013,22102013_face_062.jpg,dataset/raw/uncovered/22102013/22102013_face_062.jpg,dataset/rejected/22102013/22102013_face_062.jpg,no_face_detected,0,,,,,
22102013,22102013_face_063.jpg,dataset/raw/uncovered/22102013/22102013_face_063.jpg,dataset/rejected/22102013/22102013_face_063.jpg,no_face_detected,0,,,,,
22102013,22102013_face_066.jpg,dataset/raw/uncovered/22102013/22102013_face_066.jpg,dataset/rejected/22102013/22102013_face_066.jpg,detection_confidence_below_threshold,1,,,,,
22102013,22102013_face_068.jpg,dataset/raw/uncovered/22102013/22102013_face_068.jpg,dataset/rejected/22102013/22102013_face_068.jpg,no_face_detected,0,,,,,
22102013,22102013_face_069.jpg,dataset/raw/uncovered/22102013/22102013_face_069.jpg,dataset/rejected/22102013/22102013_face_069.jpg,detection_confidence_below_threshold,1,,,,,
22102013,22102013_face_070.jpg,dataset/raw/uncovered/22102013/22102013_face_070.jpg,dataset/rejected/22102013/22102013_face_070.jpg,no_face_detected,0,,,,,
22102013,22102013_face_072.jpg,dataset/raw/uncovered/22102013/22102013_face_072.jpg,dataset/rejected/22102013/22102013_face_072.jpg,detection_confidence_below_threshold,1,,,,,
22102013,22102013_face_085.jpg,dataset/raw/uncovered/22102013/22102013_face_085.jpg,dataset/rejected/22102013/22102013_face_085.jpg,no_face_detected,0,,,,,
22102013,22102013_face_086.jpg,dataset/raw/uncovered/22102013/22102013_face_086.jpg,dataset/rejected/22102013/22102013_face_086.jpg,no_face_detected,0,,,,,
22102013,22102013_face_087.jpg,dataset/raw/uncovered/22102013/22102013_face_087.jpg,dataset/rejected/22102013/22102013_face_087.jpg,no_face_detected,0,,,,,
22102013,22102013_face_088.jpg,dataset/raw/uncovered/22102013/22102013_face_088.jpg,dataset/rejected/22102013/22102013_face_088.jpg,no_face_detected,0,,,,,
22102013,22102013_face_089.jpg,dataset/raw/uncovered/22102013/22102013_face_089.jpg,dataset/rejected/22102013/22102013_face_089.jpg,detection_confidence_below_threshold,1,,,,,
22102013,22102013_face_091.jpg,dataset/raw/uncovered/22102013/22102013_face_091.jpg,dataset/rejected/22102013/22102013_face_091.jpg,no_face_detected,0,,,,,
22102013,22102013_face_092.jpg,dataset/raw/uncovered/22102013/22102013_face_092.jpg,dataset/rejected/22102013/22102013_face_092.jpg,no_face_detected,0,,,,,
22102013,22102013_face_093.jpg,dataset/raw/uncovered/22102013/22102013_face_093.jpg,dataset/rejected/22102013/22102013_face_093.jpg,no_face_detected,0,,,,,
22102013,22102013_face_166.jpg,dataset/raw/uncovered/22102013/22102013_face_166.jpg,dataset/rejected/22102013/22102013_face_166.jpg,detection_confidence_below_threshold,1,,,,,
22102014,22102014_face_025.jpg,dataset/raw/uncovered/22102014/22102014_face_025.jpg,dataset/rejected/22102014/22102014_face_025.jpg,no_face_detected,0,,,,,
22102014,22102014_face_039.jpg,dataset/raw/uncovered/22102014/22102014_face_039.jpg,dataset/rejected/22102014/22102014_face_039.jpg,detection_confidence_below_threshold,1,,,,,
22102014,22102014_face_047.jpg,dataset/raw/uncovered/22102014/22102014_face_047.jpg,dataset/rejected/22102014/22102014_face_047.jpg,detection_confidence_below_threshold,1,,,,,
22102014,22102014_face_051.jpg,dataset/raw/uncovered/22102014/22102014_face_051.jpg,dataset/rejected/22102014/22102014_face_051.jpg,no_face_detected,0,,,,,
22102014,22102014_face_052.jpg,dataset/raw/uncovered/22102014/22102014_face_052.jpg,dataset/rejected/22102014/22102014_face_052.jpg,detection_confidence_below_threshold,1,,,,,
22102017,22102017_face_001.jpg,dataset/raw/uncovered/22102017/22102017_face_001.jpg,dataset/rejected/22102017/22102017_face_001.jpg,no_face_detected,0,,,,,
22102017,22102017_face_004.jpg,dataset/raw/uncovered/22102017/22102017_face_004.jpg,dataset/rejected/22102017/22102017_face_004.jpg,detection_confidence_below_threshold,1,,,,,
22102017,22102017_face_005.jpg,dataset/raw/uncovered/22102017/22102017_face_005.jpg,dataset/rejected/22102017/22102017_face_005.jpg,no_face_detected,0,,,,,
22102017,22102017_face_006.jpg,dataset/raw/uncovered/22102017/22102017_face_006.jpg,dataset/rejected/22102017/22102017_face_006.jpg,no_face_detected,0,,,,,
22102017,22102017_face_007.jpg,dataset/raw/uncovered/22102017/22102017_face_007.jpg,dataset/rejected/22102017/22102017_face_007.jpg,no_face_detected,0,,,,,
22102017,22102017_face_008.jpg,dataset/raw/uncovered/22102017/22102017_face_008.jpg,dataset/rejected/22102017/22102017_face_008.jpg,no_face_detected,0,,,,,
22102017,22102017_face_009.jpg,dataset/raw/uncovered/22102017/22102017_face_009.jpg,dataset/rejected/22102017/22102017_face_009.jpg,no_face_detected,0,,,,,
22102017,22102017_face_010.jpg,dataset/raw/uncovered/22102017/22102017_face_010.jpg,dataset/rejected/22102017/22102017_face_010.jpg,no_face_detected,0,,,,,
22102017,22102017_face_011.jpg,dataset/raw/uncovered/22102017/22102017_face_011.jpg,dataset/rejected/22102017/22102017_face_011.jpg,no_face_detected,0,,,,,
22102017,22102017_face_012.jpg,dataset/raw/uncovered/22102017/22102017_face_012.jpg,dataset/rejected/22102017/22102017_face_012.jpg,no_face_detected,0,,,,,
22102017,22102017_face_013.jpg,dataset/raw/uncovered/22102017/22102017_face_013.jpg,dataset/rejected/22102017/22102017_face_013.jpg,no_face_detected,0,,,,,
22102017,22102017_face_019.jpg,dataset/raw/uncovered/22102017/22102017_face_019.jpg,dataset/rejected/22102017/22102017_face_019.jpg,no_face_detected,0,,,,,
22102017,22102017_face_020.jpg,dataset/raw/uncovered/22102017/22102017_face_020.jpg,dataset/rejected/22102017/22102017_face_020.jpg,no_face_detected,0,,,,,
22102017,22102017_face_023.jpg,dataset/raw/uncovered/22102017/22102017_face_023.jpg,dataset/rejected/22102017/22102017_face_023.jpg,detection_confidence_below_threshold,1,,,,,
22102017,22102017_face_024.jpg,dataset/raw/uncovered/22102017/22102017_face_024.jpg,dataset/rejected/22102017/22102017_face_024.jpg,no_face_detected,0,,,,,
22102017,22102017_face_027.jpg,dataset/raw/uncovered/22102017/22102017_face_027.jpg,dataset/rejected/22102017/22102017_face_027.jpg,no_face_detected,0,,,,,
22102017,22102017_face_028.jpg,dataset/raw/uncovered/22102017/22102017_face_028.jpg,dataset/rejected/22102017/22102017_face_028.jpg,no_face_detected,0,,,,,
22102017,22102017_face_029.jpg,dataset/raw/uncovered/22102017/22102017_face_029.jpg,dataset/rejected/22102017/22102017_face_029.jpg,no_face_detected,0,,,,,
22102017,22102017_face_030.jpg,dataset/raw/uncovered/22102017/22102017_face_030.jpg,dataset/rejected/22102017/22102017_face_030.jpg,no_face_detected,0,,,,,
22102017,22102017_face_031.jpg,dataset/raw/uncovered/22102017/22102017_face_031.jpg,dataset/rejected/22102017/22102017_face_031.jpg,no_face_detected,0,,,,,
22102017,22102017_face_034.jpg,dataset/raw/uncovered/22102017/22102017_face_034.jpg,dataset/rejected/22102017/22102017_face_034.jpg,no_face_detected,0,,,,,
22102017,22102017_face_035.jpg,dataset/raw/uncovered/22102017/22102017_face_035.jpg,dataset/rejected/22102017/22102017_face_035.jpg,no_face_detected,0,,,,,
22102017,22102017_face_036.jpg,dataset/raw/uncovered/22102017/22102017_face_036.jpg,dataset/rejected/22102017/22102017_face_036.jpg,no_face_detected,0,,,,,
22102017,22102017_face_038.jpg,dataset/raw/uncovered/22102017/22102017_face_038.jpg,dataset/rejected/22102017/22102017_face_038.jpg,detection_confidence_below_threshold,1,,,,,
22102017,22102017_face_039.jpg,dataset/raw/uncovered/22102017/22102017_face_039.jpg,dataset/rejected/22102017/22102017_face_039.jpg,detection_confidence_below_threshold,2,,,,,
22102017,22102017_face_062.jpg,dataset/raw/uncovered/22102017/22102017_face_062.jpg,dataset/rejected/22102017/22102017_face_062.jpg,no_face_detected,0,,,,,
22102017,22102017_face_096.jpg,dataset/raw/uncovered/22102017/22102017_face_096.jpg,dataset/rejected/22102017/22102017_face_096.jpg,no_face_detected,0,,,,,
22102017,22102017_face_097.jpg,dataset/raw/uncovered/22102017/22102017_face_097.jpg,dataset/rejected/22102017/22102017_face_097.jpg,no_face_detected,0,,,,,
22102017,22102017_face_100.jpg,dataset/raw/uncovered/22102017/22102017_face_100.jpg,dataset/rejected/22102017/22102017_face_100.jpg,no_face_detected,0,,,,,
22102017,22102017_face_101.jpg,dataset/raw/uncovered/22102017/22102017_face_101.jpg,dataset/rejected/22102017/22102017_face_101.jpg,no_face_detected,0,,,,,
22102017,22102017_face_102.jpg,dataset/raw/uncovered/22102017/22102017_face_102.jpg,dataset/rejected/22102017/22102017_face_102.jpg,no_face_detected,0,,,,,
22102017,22102017_face_105.jpg,dataset/raw/uncovered/22102017/22102017_face_105.jpg,dataset/rejected/22102017/22102017_face_105.jpg,no_face_detected,0,,,,,
22102017,22102017_face_106.jpg,dataset/raw/uncovered/22102017/22102017_face_106.jpg,dataset/rejected/22102017/22102017_face_106.jpg,no_face_detected,0,,,,,
22102017,22102017_face_107.jpg,dataset/raw/uncovered/22102017/22102017_face_107.jpg,dataset/rejected/22102017/22102017_face_107.jpg,no_face_detected,0,,,,,
22102017,22102017_face_108.jpg,dataset/raw/uncovered/22102017/22102017_face_108.jpg,dataset/rejected/22102017/22102017_face_108.jpg,no_face_detected,0,,,,,
22102017,22102017_face_110.jpg,dataset/raw/uncovered/22102017/22102017_face_110.jpg,dataset/rejected/22102017/22102017_face_110.jpg,no_face_detected,0,,,,,
22102017,22102017_face_111.jpg,dataset/raw/uncovered/22102017/22102017_face_111.jpg,dataset/rejected/22102017/22102017_face_111.jpg,no_face_detected,0,,,,,
22102017,22102017_face_115.jpg,dataset/raw/uncovered/22102017/22102017_face_115.jpg,dataset/rejected/22102017/22102017_face_115.jpg,no_face_detected,0,,,,,
22102017,22102017_face_121.jpg,dataset/raw/uncovered/22102017/22102017_face_121.jpg,dataset/rejected/22102017/22102017_face_121.jpg,no_face_detected,0,,,,,
22102017,22102017_face_123.jpg,dataset/raw/uncovered/22102017/22102017_face_123.jpg,dataset/rejected/22102017/22102017_face_123.jpg,detection_confidence_below_threshold,1,,,,,
22102018,22102018_face_072.jpg,dataset/raw/uncovered/22102018/22102018_face_072.jpg,dataset/rejected/22102018/22102018_face_072.jpg,detection_confidence_below_threshold,1,,,,,
22102018,22102018_face_073.jpg,dataset/raw/uncovered/22102018/22102018_face_073.jpg,dataset/rejected/22102018/22102018_face_073.jpg,detection_confidence_below_threshold,1,,,,,
22102018,22102018_face_074.jpg,dataset/raw/uncovered/22102018/22102018_face_074.jpg,dataset/rejected/22102018/22102018_face_074.jpg,no_face_detected,0,,,,,
22102018,22102018_face_075.jpg,dataset/raw/uncovered/22102018/22102018_face_075.jpg,dataset/rejected/22102018/22102018_face_075.jpg,no_face_detected,0,,,,,
22102018,22102018_face_076.jpg,dataset/raw/uncovered/22102018/22102018_face_076.jpg,dataset/rejected/22102018/22102018_face_076.jpg,no_face_detected,0,,,,,
22102018,22102018_face_077.jpg,dataset/raw/uncovered/22102018/22102018_face_077.jpg,dataset/rejected/22102018/22102018_face_077.jpg,no_face_detected,0,,,,,
22102018,22102018_face_078.jpg,dataset/raw/uncovered/22102018/22102018_face_078.jpg,dataset/rejected/22102018/22102018_face_078.jpg,detection_confidence_below_threshold,1,,,,,
22102018,22102018_face_079.jpg,dataset/raw/uncovered/22102018/22102018_face_079.jpg,dataset/rejected/22102018/22102018_face_079.jpg,no_face_detected,0,,,,,
22102018,22102018_face_080.jpg,dataset/raw/uncovered/22102018/22102018_face_080.jpg,dataset/rejected/22102018/22102018_face_080.jpg,no_face_detected,0,,,,,
22102018,22102018_face_081.jpg,dataset/raw/uncovered/22102018/22102018_face_081.jpg,dataset/rejected/22102018/22102018_face_081.jpg,detection_confidence_below_threshold,1,,,,,
22102018,22102018_face_082.jpg,dataset/raw/uncovered/22102018/22102018_face_082.jpg,dataset/rejected/22102018/22102018_face_082.jpg,no_face_detected,0,,,,,
22102018,22102018_face_083.jpg,dataset/raw/uncovered/22102018/22102018_face_083.jpg,dataset/rejected/22102018/22102018_face_083.jpg,no_face_detected,0,,,,,
22102018,22102018_face_113.jpg,dataset/raw/uncovered/22102018/22102018_face_113.jpg,dataset/rejected/22102018/22102018_face_113.jpg,no_face_detected,0,,,,,
22102018,22102018_face_114.jpg,dataset/raw/uncovered/22102018/22102018_face_114.jpg,dataset/rejected/22102018/22102018_face_114.jpg,no_face_detected,0,,,,,
22102018,22102018_face_115.jpg,dataset/raw/uncovered/22102018/22102018_face_115.jpg,dataset/rejected/22102018/22102018_face_115.jpg,no_face_detected,0,,,,,
22102020,22102020_face_001.jpg,dataset/raw/uncovered/22102020/22102020_face_001.jpg,dataset/rejected/22102020/22102020_face_001.jpg,no_face_detected,0,,,,,
22102020,22102020_face_008.jpg,dataset/raw/uncovered/22102020/22102020_face_008.jpg,dataset/rejected/22102020/22102020_face_008.jpg,detection_confidence_below_threshold,1,,,,,
22102020,22102020_face_028.jpg,dataset/raw/uncovered/22102020/22102020_face_028.jpg,dataset/rejected/22102020/22102020_face_028.jpg,detection_confidence_below_threshold,1,,,,,
22102020,22102020_face_050.jpg,dataset/raw/uncovered/22102020/22102020_face_050.jpg,dataset/rejected/22102020/22102020_face_050.jpg,detection_confidence_below_threshold,1,,,,,
22102020,22102020_face_053.jpg,dataset/raw/uncovered/22102020/22102020_face_053.jpg,dataset/rejected/22102020/22102020_face_053.jpg,detection_confidence_below_threshold,1,,,,,
22102020,22102020_face_057.jpg,dataset/raw/uncovered/22102020/22102020_face_057.jpg,dataset/rejected/22102020/22102020_face_057.jpg,no_face_detected,0,,,,,
22102021,22102021_face_002.jpg,dataset/raw/uncovered/22102021/22102021_face_002.jpg,dataset/rejected/22102021/22102021_face_002.jpg,no_face_detected,0,,,,,
22102021,22102021_face_003.jpg,dataset/raw/uncovered/22102021/22102021_face_003.jpg,dataset/rejected/22102021/22102021_face_003.jpg,no_face_detected,0,,,,,
22102021,22102021_face_004.jpg,dataset/raw/uncovered/22102021/22102021_face_004.jpg,dataset/rejected/22102021/22102021_face_004.jpg,face_too_small,1,,,,,
22102021,22102021_face_005.jpg,dataset/raw/uncovered/22102021/22102021_face_005.jpg,dataset/rejected/22102021/22102021_face_005.jpg,no_face_detected,0,,,,,
22102021,22102021_face_006.jpg,dataset/raw/uncovered/22102021/22102021_face_006.jpg,dataset/rejected/22102021/22102021_face_006.jpg,no_face_detected,0,,,,,
22102021,22102021_face_007.jpg,dataset/raw/uncovered/22102021/22102021_face_007.jpg,dataset/rejected/22102021/22102021_face_007.jpg,detection_confidence_below_threshold,1,,,,,
22102021,22102021_face_008.jpg,dataset/raw/uncovered/22102021/22102021_face_008.jpg,dataset/rejected/22102021/22102021_face_008.jpg,no_face_detected,0,,,,,
22102021,22102021_face_010.jpg,dataset/raw/uncovered/22102021/22102021_face_010.jpg,dataset/rejected/22102021/22102021_face_010.jpg,no_face_detected,0,,,,,
22102021,22102021_face_011.jpg,dataset/raw/uncovered/22102021/22102021_face_011.jpg,dataset/rejected/22102021/22102021_face_011.jpg,no_face_detected,0,,,,,
22102021,22102021_face_012.jpg,dataset/raw/uncovered/22102021/22102021_face_012.jpg,dataset/rejected/22102021/22102021_face_012.jpg,no_face_detected,0,,,,,
22102021,22102021_face_015.jpg,dataset/raw/uncovered/22102021/22102021_face_015.jpg,dataset/rejected/22102021/22102021_face_015.jpg,face_too_small,1,,,,,
22102021,22102021_face_016.jpg,dataset/raw/uncovered/22102021/22102021_face_016.jpg,dataset/rejected/22102021/22102021_face_016.jpg,face_too_small,2,,,,,
22102021,22102021_face_017.jpg,dataset/raw/uncovered/22102021/22102021_face_017.jpg,dataset/rejected/22102021/22102021_face_017.jpg,face_too_small,2,,,,,
22102021,22102021_face_018.jpg,dataset/raw/uncovered/22102021/22102021_face_018.jpg,dataset/rejected/22102021/22102021_face_018.jpg,detection_confidence_below_threshold,1,,,,,
22102021,22102021_face_019.jpg,dataset/raw/uncovered/22102021/22102021_face_019.jpg,dataset/rejected/22102021/22102021_face_019.jpg,no_face_detected,0,,,,,
22102021,22102021_face_020.jpg,dataset/raw/uncovered/22102021/22102021_face_020.jpg,dataset/rejected/22102021/22102021_face_020.jpg,no_face_detected,0,,,,,
22102021,22102021_face_027.jpg,dataset/raw/uncovered/22102021/22102021_face_027.jpg,dataset/rejected/22102021/22102021_face_027.jpg,detection_confidence_below_threshold,1,,,,,
22102021,22102021_face_033.jpg,dataset/raw/uncovered/22102021/22102021_face_033.jpg,dataset/rejected/22102021/22102021_face_033.jpg,no_face_detected,0,,,,,
22102021,22102021_face_034.jpg,dataset/raw/uncovered/22102021/22102021_face_034.jpg,dataset/rejected/22102021/22102021_face_034.jpg,no_face_detected,0,,,,,
22102021,22102021_face_035.jpg,dataset/raw/uncovered/22102021/22102021_face_035.jpg,dataset/rejected/22102021/22102021_face_035.jpg,no_face_detected,0,,,,,
22102021,22102021_face_062.jpg,dataset/raw/uncovered/22102021/22102021_face_062.jpg,dataset/rejected/22102021/22102021_face_062.jpg,detection_confidence_below_threshold,2,,,,,
22102021,22102021_face_070.jpg,dataset/raw/uncovered/22102021/22102021_face_070.jpg,dataset/rejected/22102021/22102021_face_070.jpg,detection_confidence_below_threshold,1,,,,,
22102021,22102021_face_072.jpg,dataset/raw/uncovered/22102021/22102021_face_072.jpg,dataset/rejected/22102021/22102021_face_072.jpg,detection_confidence_below_threshold,1,,,,,
22102021,22102021_face_073.jpg,dataset/raw/uncovered/22102021/22102021_face_073.jpg,dataset/rejected/22102021/22102021_face_073.jpg,face_too_small,3,,,,,
22102021,22102021_face_074.jpg,dataset/raw/uncovered/22102021/22102021_face_074.jpg,dataset/rejected/22102021/22102021_face_074.jpg,face_too_small,2,,,,,
22102021,22102021_face_075.jpg,dataset/raw/uncovered/22102021/22102021_face_075.jpg,dataset/rejected/22102021/22102021_face_075.jpg,face_too_small,1,,,,,
22102021,22102021_face_081.jpg,dataset/raw/uncovered/22102021/22102021_face_081.jpg,dataset/rejected/22102021/22102021_face_081.jpg,face_too_small,2,,,,,
22102021,22102021_face_085.jpg,dataset/raw/uncovered/22102021/22102021_face_085.jpg,dataset/rejected/22102021/22102021_face_085.jpg,face_too_small,3,,,,,
22102021,22102021_face_116.jpg,dataset/raw/uncovered/22102021/22102021_face_116.jpg,dataset/rejected/22102021/22102021_face_116.jpg,detection_confidence_below_threshold,1,,,,,
22102021,22102021_face_117.jpg,dataset/raw/uncovered/22102021/22102021_face_117.jpg,dataset/rejected/22102021/22102021_face_117.jpg,no_face_detected,0,,,,,
22102021,22102021_face_118.jpg,dataset/raw/uncovered/22102021/22102021_face_118.jpg,dataset/rejected/22102021/22102021_face_118.jpg,no_face_detected,0,,,,,
22102021,22102021_face_119.jpg,dataset/raw/uncovered/22102021/22102021_face_119.jpg,dataset/rejected/22102021/22102021_face_119.jpg,detection_confidence_below_threshold,1,,,,,
22102021,22102021_face_120.jpg,dataset/raw/uncovered/22102021/22102021_face_120.jpg,dataset/rejected/22102021/22102021_face_120.jpg,face_too_small,1,,,,,
22102021,22102021_face_122.jpg,dataset/raw/uncovered/22102021/22102021_face_122.jpg,dataset/rejected/22102021/22102021_face_122.jpg,detection_confidence_below_threshold,1,,,,,
22102021,22102021_face_129.jpg,dataset/raw/uncovered/22102021/22102021_face_129.jpg,dataset/rejected/22102021/22102021_face_129.jpg,no_face_detected,0,,,,,
22102021,22102021_face_133.jpg,dataset/raw/uncovered/22102021/22102021_face_133.jpg,dataset/rejected/22102021/22102021_face_133.jpg,face_too_small,1,,,,,
22102021,22102021_face_144.jpg,dataset/raw/uncovered/22102021/22102021_face_144.jpg,dataset/rejected/22102021/22102021_face_144.jpg,no_face_detected,0,,,,,
22102021,22102021_face_147.jpg,dataset/raw/uncovered/22102021/22102021_face_147.jpg,dataset/rejected/22102021/22102021_face_147.jpg,detection_confidence_below_threshold,1,,,,,
22102022,22102022_face_011.jpg,dataset/raw/uncovered/22102022/22102022_face_011.jpg,dataset/rejected/22102022/22102022_face_011.jpg,face_too_small,1,,,,,
22102022,22102022_face_018.jpg,dataset/raw/uncovered/22102022/22102022_face_018.jpg,dataset/rejected/22102022/22102022_face_018.jpg,detection_confidence_below_threshold,1,,,,,
22102022,22102022_face_019.jpg,dataset/raw/uncovered/22102022/22102022_face_019.jpg,dataset/rejected/22102022/22102022_face_019.jpg,no_face_detected,0,,,,,
22102022,22102022_face_023.jpg,dataset/raw/uncovered/22102022/22102022_face_023.jpg,dataset/rejected/22102022/22102022_face_023.jpg,no_face_detected,0,,,,,
22102022,22102022_face_102.jpg,dataset/raw/uncovered/22102022/22102022_face_102.jpg,dataset/rejected/22102022/22102022_face_102.jpg,detection_confidence_below_threshold,1,,,,,
22102022,22102022_face_106.jpg,dataset/raw/uncovered/22102022/22102022_face_106.jpg,dataset/rejected/22102022/22102022_face_106.jpg,no_face_detected,0,,,,,
22102022,22102022_face_107.jpg,dataset/raw/uncovered/22102022/22102022_face_107.jpg,dataset/rejected/22102022/22102022_face_107.jpg,no_face_detected,0,,,,,
22102022,22102022_face_108.jpg,dataset/raw/uncovered/22102022/22102022_face_108.jpg,dataset/rejected/22102022/22102022_face_108.jpg,no_face_detected,0,,,,,
22102022,22102022_face_109.jpg,dataset/raw/uncovered/22102022/22102022_face_109.jpg,dataset/rejected/22102022/22102022_face_109.jpg,no_face_detected,0,,,,,
22102022,22102022_face_110.jpg,dataset/raw/uncovered/22102022/22102022_face_110.jpg,dataset/rejected/22102022/22102022_face_110.jpg,no_face_detected,0,,,,,
22102022,22102022_face_111.jpg,dataset/raw/uncovered/22102022/22102022_face_111.jpg,dataset/rejected/22102022/22102022_face_111.jpg,no_face_detected,0,,,,,
22102022,22102022_face_112.jpg,dataset/raw/uncovered/22102022/22102022_face_112.jpg,dataset/rejected/22102022/22102022_face_112.jpg,no_face_detected,0,,,,,
22102022,22102022_face_114.jpg,dataset/raw/uncovered/22102022/22102022_face_114.jpg,dataset/rejected/22102022/22102022_face_114.jpg,no_face_detected,0,,,,,
22102022,22102022_face_115.jpg,dataset/raw/uncovered/22102022/22102022_face_115.jpg,dataset/rejected/22102022/22102022_face_115.jpg,no_face_detected,0,,,,,
22102022,22102022_face_116.jpg,dataset/raw/uncovered/22102022/22102022_face_116.jpg,dataset/rejected/22102022/22102022_face_116.jpg,no_face_detected,0,,,,,
22102022,22102022_face_117.jpg,dataset/raw/uncovered/22102022/22102022_face_117.jpg,dataset/rejected/22102022/22102022_face_117.jpg,no_face_detected,0,,,,,
22102022,22102022_face_118.jpg,dataset/raw/uncovered/22102022/22102022_face_118.jpg,dataset/rejected/22102022/22102022_face_118.jpg,no_face_detected,0,,,,,
22102022,22102022_face_119.jpg,dataset/raw/uncovered/22102022/22102022_face_119.jpg,dataset/rejected/22102022/22102022_face_119.jpg,no_face_detected,0,,,,,
22102022,22102022_face_120.jpg,dataset/raw/uncovered/22102022/22102022_face_120.jpg,dataset/rejected/22102022/22102022_face_120.jpg,no_face_detected,0,,,,,
22102022,22102022_face_121.jpg,dataset/raw/uncovered/22102022/22102022_face_121.jpg,dataset/rejected/22102022/22102022_face_121.jpg,no_face_detected,0,,,,,
22102022,22102022_face_122.jpg,dataset/raw/uncovered/22102022/22102022_face_122.jpg,dataset/rejected/22102022/22102022_face_122.jpg,no_face_detected,0,,,,,
22102022,22102022_face_123.jpg,dataset/raw/uncovered/22102022/22102022_face_123.jpg,dataset/rejected/22102022/22102022_face_123.jpg,no_face_detected,0,,,,,
22102022,22102022_face_124.jpg,dataset/raw/uncovered/22102022/22102022_face_124.jpg,dataset/rejected/22102022/22102022_face_124.jpg,detection_confidence_below_threshold,1,,,,,
22102022,22102022_face_125.jpg,dataset/raw/uncovered/22102022/22102022_face_125.jpg,dataset/rejected/22102022/22102022_face_125.jpg,detection_confidence_below_threshold,2,,,,,
22102022,22102022_face_126.jpg,dataset/raw/uncovered/22102022/22102022_face_126.jpg,dataset/rejected/22102022/22102022_face_126.jpg,no_face_detected,0,,,,,
22102022,22102022_face_127.jpg,dataset/raw/uncovered/22102022/22102022_face_127.jpg,dataset/rejected/22102022/22102022_face_127.jpg,no_face_detected,0,,,,,
22102022,22102022_face_128.jpg,dataset/raw/uncovered/22102022/22102022_face_128.jpg,dataset/rejected/22102022/22102022_face_128.jpg,no_face_detected,0,,,,,
22102022,22102022_face_130.jpg,dataset/raw/uncovered/22102022/22102022_face_130.jpg,dataset/rejected/22102022/22102022_face_130.jpg,no_face_detected,0,,,,,
22102022,22102022_face_131.jpg,dataset/raw/uncovered/22102022/22102022_face_131.jpg,dataset/rejected/22102022/22102022_face_131.jpg,no_face_detected,0,,,,,
22102022,22102022_face_132.jpg,dataset/raw/uncovered/22102022/22102022_face_132.jpg,dataset/rejected/22102022/22102022_face_132.jpg,detection_confidence_below_threshold,1,,,,,
22102022,22102022_face_133.jpg,dataset/raw/uncovered/22102022/22102022_face_133.jpg,dataset/rejected/22102022/22102022_face_133.jpg,detection_confidence_below_threshold,1,,,,,
22102022,22102022_face_135.jpg,dataset/raw/uncovered/22102022/22102022_face_135.jpg,dataset/rejected/22102022/22102022_face_135.jpg,no_face_detected,0,,,,,
22102022,22102022_face_136.jpg,dataset/raw/uncovered/22102022/22102022_face_136.jpg,dataset/rejected/22102022/22102022_face_136.jpg,no_face_detected,0,,,,,
22102022,22102022_face_137.jpg,dataset/raw/uncovered/22102022/22102022_face_137.jpg,dataset/rejected/22102022/22102022_face_137.jpg,no_face_detected,0,,,,,
22102022,22102022_face_139.jpg,dataset/raw/uncovered/22102022/22102022_face_139.jpg,dataset/rejected/22102022/22102022_face_139.jpg,no_face_detected,0,,,,,
22102022,22102022_face_140.jpg,dataset/raw/uncovered/22102022/22102022_face_140.jpg,dataset/rejected/22102022/22102022_face_140.jpg,no_face_detected,0,,,,,
22102022,22102022_face_141.jpg,dataset/raw/uncovered/22102022/22102022_face_141.jpg,dataset/rejected/22102022/22102022_face_141.jpg,no_face_detected,0,,,,,
22102022,22102022_face_142.jpg,dataset/raw/uncovered/22102022/22102022_face_142.jpg,dataset/rejected/22102022/22102022_face_142.jpg,no_face_detected,0,,,,,
22102022,22102022_face_145.jpg,dataset/raw/uncovered/22102022/22102022_face_145.jpg,dataset/rejected/22102022/22102022_face_145.jpg,no_face_detected,0,,,,,
22102022,22102022_face_160.jpg,dataset/raw/uncovered/22102022/22102022_face_160.jpg,dataset/rejected/22102022/22102022_face_160.jpg,no_face_detected,0,,,,,
22102024,22102024_face_002.jpg,dataset/raw/uncovered/22102024/22102024_face_002.jpg,dataset/rejected/22102024/22102024_face_002.jpg,no_face_detected,0,,,,,
22102024,22102024_face_014.jpg,dataset/raw/uncovered/22102024/22102024_face_014.jpg,dataset/rejected/22102024/22102024_face_014.jpg,no_face_detected,0,,,,,
22102024,22102024_face_015.jpg,dataset/raw/uncovered/22102024/22102024_face_015.jpg,dataset/rejected/22102024/22102024_face_015.jpg,detection_confidence_below_threshold,1,,,,,
22102024,22102024_face_021.jpg,dataset/raw/uncovered/22102024/22102024_face_021.jpg,dataset/rejected/22102024/22102024_face_021.jpg,detection_confidence_below_threshold,1,,,,,
22102024,22102024_face_029.jpg,dataset/raw/uncovered/22102024/22102024_face_029.jpg,dataset/rejected/22102024/22102024_face_029.jpg,no_face_detected,0,,,,,
22102024,22102024_face_030.jpg,dataset/raw/uncovered/22102024/22102024_face_030.jpg,dataset/rejected/22102024/22102024_face_030.jpg,no_face_detected,0,,,,,
22102024,22102024_face_032.jpg,dataset/raw/uncovered/22102024/22102024_face_032.jpg,dataset/rejected/22102024/22102024_face_032.jpg,detection_confidence_below_threshold,1,,,,,
22102024,22102024_face_043.jpg,dataset/raw/uncovered/22102024/22102024_face_043.jpg,dataset/rejected/22102024/22102024_face_043.jpg,detection_confidence_below_threshold,1,,,,,
22102024,22102024_face_045.jpg,dataset/raw/uncovered/22102024/22102024_face_045.jpg,dataset/rejected/22102024/22102024_face_045.jpg,detection_confidence_below_threshold,1,,,,,
22102024,22102024_face_056.jpg,dataset/raw/uncovered/22102024/22102024_face_056.jpg,dataset/rejected/22102024/22102024_face_056.jpg,detection_confidence_below_threshold,1,,,,,
22102024,22102024_face_064.jpg,dataset/raw/uncovered/22102024/22102024_face_064.jpg,dataset/rejected/22102024/22102024_face_064.jpg,detection_confidence_below_threshold,1,,,,,
22102024,22102024_face_067.jpg,dataset/raw/uncovered/22102024/22102024_face_067.jpg,dataset/rejected/22102024/22102024_face_067.jpg,detection_confidence_below_threshold,1,,,,,
22102024,22102024_face_146.jpg,dataset/raw/uncovered/22102024/22102024_face_146.jpg,dataset/rejected/22102024/22102024_face_146.jpg,face_too_small,1,,,,,
22102024,22102024_face_192.jpg,dataset/raw/uncovered/22102024/22102024_face_192.jpg,dataset/rejected/22102024/22102024_face_192.jpg,no_face_detected,0,,,,,
22102025,22102025_face_003.jpg,dataset/raw/uncovered/22102025/22102025_face_003.jpg,dataset/rejected/22102025/22102025_face_003.jpg,no_face_detected,0,,,,,
22102025,22102025_face_004.jpg,dataset/raw/uncovered/22102025/22102025_face_004.jpg,dataset/rejected/22102025/22102025_face_004.jpg,detection_confidence_below_threshold,1,,,,,
22102025,22102025_face_006.jpg,dataset/raw/uncovered/22102025/22102025_face_006.jpg,dataset/rejected/22102025/22102025_face_006.jpg,no_face_detected,0,,,,,
22102025,22102025_face_007.jpg,dataset/raw/uncovered/22102025/22102025_face_007.jpg,dataset/rejected/22102025/22102025_face_007.jpg,detection_confidence_below_threshold,1,,,,,
22102025,22102025_face_009.jpg,dataset/raw/uncovered/22102025/22102025_face_009.jpg,dataset/rejected/22102025/22102025_face_009.jpg,no_face_detected,0,,,,,
22102025,22102025_face_010.jpg,dataset/raw/uncovered/22102025/22102025_face_010.jpg,dataset/rejected/22102025/22102025_face_010.jpg,no_face_detected,0,,,,,
22102025,22102025_face_012.jpg,dataset/raw/uncovered/22102025/22102025_face_012.jpg,dataset/rejected/22102025/22102025_face_012.jpg,no_face_detected,0,,,,,
22102025,22102025_face_015.jpg,dataset/raw/uncovered/22102025/22102025_face_015.jpg,dataset/rejected/22102025/22102025_face_015.jpg,detection_confidence_below_threshold,1,,,,,
22102025,22102025_face_016.jpg,dataset/raw/uncovered/22102025/22102025_face_016.jpg,dataset/rejected/22102025/22102025_face_016.jpg,no_face_detected,0,,,,,
22102025,22102025_face_017.jpg,dataset/raw/uncovered/22102025/22102025_face_017.jpg,dataset/rejected/22102025/22102025_face_017.jpg,detection_confidence_below_threshold,1,,,,,
22102025,22102025_face_018.jpg,dataset/raw/uncovered/22102025/22102025_face_018.jpg,dataset/rejected/22102025/22102025_face_018.jpg,no_face_detected,0,,,,,
22102025,22102025_face_019.jpg,dataset/raw/uncovered/22102025/22102025_face_019.jpg,dataset/rejected/22102025/22102025_face_019.jpg,no_face_detected,0,,,,,
22102025,22102025_face_020.jpg,dataset/raw/uncovered/22102025/22102025_face_020.jpg,dataset/rejected/22102025/22102025_face_020.jpg,no_face_detected,0,,,,,
22102025,22102025_face_021.jpg,dataset/raw/uncovered/22102025/22102025_face_021.jpg,dataset/rejected/22102025/22102025_face_021.jpg,no_face_detected,0,,,,,
22102025,22102025_face_022.jpg,dataset/raw/uncovered/22102025/22102025_face_022.jpg,dataset/rejected/22102025/22102025_face_022.jpg,detection_confidence_below_threshold,1,,,,,
22102025,22102025_face_026.jpg,dataset/raw/uncovered/22102025/22102025_face_026.jpg,dataset/rejected/22102025/22102025_face_026.jpg,no_face_detected,0,,,,,
22102025,22102025_face_054.jpg,dataset/raw/uncovered/22102025/22102025_face_054.jpg,dataset/rejected/22102025/22102025_face_054.jpg,detection_confidence_below_threshold,1,,,,,
22102025,22102025_face_057.jpg,dataset/raw/uncovered/22102025/22102025_face_057.jpg,dataset/rejected/22102025/22102025_face_057.jpg,no_face_detected,0,,,,,
22102025,22102025_face_059.jpg,dataset/raw/uncovered/22102025/22102025_face_059.jpg,dataset/rejected/22102025/22102025_face_059.jpg,no_face_detected,0,,,,,
22102025,22102025_face_061.jpg,dataset/raw/uncovered/22102025/22102025_face_061.jpg,dataset/rejected/22102025/22102025_face_061.jpg,no_face_detected,0,,,,,
22102025,22102025_face_081.jpg,dataset/raw/uncovered/22102025/22102025_face_081.jpg,dataset/rejected/22102025/22102025_face_081.jpg,no_face_detected,0,,,,,
22102025,22102025_face_082.jpg,dataset/raw/uncovered/22102025/22102025_face_082.jpg,dataset/rejected/22102025/22102025_face_082.jpg,detection_confidence_below_threshold,1,,,,,
22102025,22102025_face_084.jpg,dataset/raw/uncovered/22102025/22102025_face_084.jpg,dataset/rejected/22102025/22102025_face_084.jpg,detection_confidence_below_threshold,1,,,,,
22102025,22102025_face_085.jpg,dataset/raw/uncovered/22102025/22102025_face_085.jpg,dataset/rejected/22102025/22102025_face_085.jpg,detection_confidence_below_threshold,1,,,,,
22102025,22102025_face_087.jpg,dataset/raw/uncovered/22102025/22102025_face_087.jpg,dataset/rejected/22102025/22102025_face_087.jpg,detection_confidence_below_threshold,1,,,,,
22102025,22102025_face_088.jpg,dataset/raw/uncovered/22102025/22102025_face_088.jpg,dataset/rejected/22102025/22102025_face_088.jpg,detection_confidence_below_threshold,1,,,,,
22102025,22102025_face_091.jpg,dataset/raw/uncovered/22102025/22102025_face_091.jpg,dataset/rejected/22102025/22102025_face_091.jpg,no_face_detected,0,,,,,
22102025,22102025_face_092.jpg,dataset/raw/uncovered/22102025/22102025_face_092.jpg,dataset/rejected/22102025/22102025_face_092.jpg,no_face_detected,0,,,,,
22102025,22102025_face_093.jpg,dataset/raw/uncovered/22102025/22102025_face_093.jpg,dataset/rejected/22102025/22102025_face_093.jpg,detection_confidence_below_threshold,1,,,,,
22102025,22102025_face_094.jpg,dataset/raw/uncovered/22102025/22102025_face_094.jpg,dataset/rejected/22102025/22102025_face_094.jpg,detection_confidence_below_threshold,1,,,,,
22102025,22102025_face_096.jpg,dataset/raw/uncovered/22102025/22102025_face_096.jpg,dataset/rejected/22102025/22102025_face_096.jpg,detection_confidence_below_threshold,1,,,,,
22102025,22102025_face_097.jpg,dataset/raw/uncovered/22102025/22102025_face_097.jpg,dataset/rejected/22102025/22102025_face_097.jpg,no_face_detected,0,,,,,
22102025,22102025_face_098.jpg,dataset/raw/uncovered/22102025/22102025_face_098.jpg,dataset/rejected/22102025/22102025_face_098.jpg,detection_confidence_below_threshold,1,,,,,
22102025,22102025_face_104.jpg,dataset/raw/uncovered/22102025/22102025_face_104.jpg,dataset/rejected/22102025/22102025_face_104.jpg,detection_confidence_below_threshold,1,,,,,
22102025,22102025_face_105.jpg,dataset/raw/uncovered/22102025/22102025_face_105.jpg,dataset/rejected/22102025/22102025_face_105.jpg,detection_confidence_below_threshold,1,,,,,
22102025,22102025_face_115.jpg,dataset/raw/uncovered/22102025/22102025_face_115.jpg,dataset/rejected/22102025/22102025_face_115.jpg,detection_confidence_below_threshold,1,,,,,
22102025,22102025_face_122.jpg,dataset/raw/uncovered/22102025/22102025_face_122.jpg,dataset/rejected/22102025/22102025_face_122.jpg,no_face_detected,0,,,,,
22102025,22102025_face_123.jpg,dataset/raw/uncovered/22102025/22102025_face_123.jpg,dataset/rejected/22102025/22102025_face_123.jpg,no_face_detected,0,,,,,
22102025,22102025_face_124.jpg,dataset/raw/uncovered/22102025/22102025_face_124.jpg,dataset/rejected/22102025/22102025_face_124.jpg,detection_confidence_below_threshold,1,,,,,
22102025,22102025_face_125.jpg,dataset/raw/uncovered/22102025/22102025_face_125.jpg,dataset/rejected/22102025/22102025_face_125.jpg,no_face_detected,0,,,,,
22102025,22102025_face_126.jpg,dataset/raw/uncovered/22102025/22102025_face_126.jpg,dataset/rejected/22102025/22102025_face_126.jpg,no_face_detected,0,,,,,
22102025,22102025_face_127.jpg,dataset/raw/uncovered/22102025/22102025_face_127.jpg,dataset/rejected/22102025/22102025_face_127.jpg,no_face_detected,0,,,,,
22102025,22102025_face_129.jpg,dataset/raw/uncovered/22102025/22102025_face_129.jpg,dataset/rejected/22102025/22102025_face_129.jpg,no_face_detected,0,,,,,
22102025,22102025_face_130.jpg,dataset/raw/uncovered/22102025/22102025_face_130.jpg,dataset/rejected/22102025/22102025_face_130.jpg,no_face_detected,0,,,,,
22102025,22102025_face_131.jpg,dataset/raw/uncovered/22102025/22102025_face_131.jpg,dataset/rejected/22102025/22102025_face_131.jpg,no_face_detected,0,,,,,
22102025,22102025_face_132.jpg,dataset/raw/uncovered/22102025/22102025_face_132.jpg,dataset/rejected/22102025/22102025_face_132.jpg,no_face_detected,0,,,,,
22102025,22102025_face_133.jpg,dataset/raw/uncovered/22102025/22102025_face_133.jpg,dataset/rejected/22102025/22102025_face_133.jpg,no_face_detected,0,,,,,
22102025,22102025_face_134.jpg,dataset/raw/uncovered/22102025/22102025_face_134.jpg,dataset/rejected/22102025/22102025_face_134.jpg,no_face_detected,0,,,,,
22102025,22102025_face_135.jpg,dataset/raw/uncovered/22102025/22102025_face_135.jpg,dataset/rejected/22102025/22102025_face_135.jpg,no_face_detected,0,,,,,
22102025,22102025_face_136.jpg,dataset/raw/uncovered/22102025/22102025_face_136.jpg,dataset/rejected/22102025/22102025_face_136.jpg,no_face_detected,0,,,,,
22102025,22102025_face_137.jpg,dataset/raw/uncovered/22102025/22102025_face_137.jpg,dataset/rejected/22102025/22102025_face_137.jpg,no_face_detected,0,,,,,
22102025,22102025_face_138.jpg,dataset/raw/uncovered/22102025/22102025_face_138.jpg,dataset/rejected/22102025/22102025_face_138.jpg,no_face_detected,0,,,,,
22102025,22102025_face_139.jpg,dataset/raw/uncovered/22102025/22102025_face_139.jpg,dataset/rejected/22102025/22102025_face_139.jpg,no_face_detected,0,,,,,
22102025,22102025_face_140.jpg,dataset/raw/uncovered/22102025/22102025_face_140.jpg,dataset/rejected/22102025/22102025_face_140.jpg,no_face_detected,0,,,,,
22102025,22102025_face_141.jpg,dataset/raw/uncovered/22102025/22102025_face_141.jpg,dataset/rejected/22102025/22102025_face_141.jpg,no_face_detected,0,,,,,
22102025,22102025_face_142.jpg,dataset/raw/uncovered/22102025/22102025_face_142.jpg,dataset/rejected/22102025/22102025_face_142.jpg,no_face_detected,0,,,,,
22102025,22102025_face_143.jpg,dataset/raw/uncovered/22102025/22102025_face_143.jpg,dataset/rejected/22102025/22102025_face_143.jpg,no_face_detected,0,,,,,
22102025,22102025_face_144.jpg,dataset/raw/uncovered/22102025/22102025_face_144.jpg,dataset/rejected/22102025/22102025_face_144.jpg,no_face_detected,0,,,,,
22102025,22102025_face_145.jpg,dataset/raw/uncovered/22102025/22102025_face_145.jpg,dataset/rejected/22102025/22102025_face_145.jpg,detection_confidence_below_threshold,1,,,,,
22102025,22102025_face_146.jpg,dataset/raw/uncovered/22102025/22102025_face_146.jpg,dataset/rejected/22102025/22102025_face_146.jpg,no_face_detected,0,,,,,
22102025,22102025_face_147.jpg,dataset/raw/uncovered/22102025/22102025_face_147.jpg,dataset/rejected/22102025/22102025_face_147.jpg,no_face_detected,0,,,,,
22102025,22102025_face_148.jpg,dataset/raw/uncovered/22102025/22102025_face_148.jpg,dataset/rejected/22102025/22102025_face_148.jpg,no_face_detected,0,,,,,
22102025,22102025_face_150.jpg,dataset/raw/uncovered/22102025/22102025_face_150.jpg,dataset/rejected/22102025/22102025_face_150.jpg,detection_confidence_below_threshold,1,,,,,
22102025,22102025_face_151.jpg,dataset/raw/uncovered/22102025/22102025_face_151.jpg,dataset/rejected/22102025/22102025_face_151.jpg,no_face_detected,0,,,,,
22102025,22102025_face_152.jpg,dataset/raw/uncovered/22102025/22102025_face_152.jpg,dataset/rejected/22102025/22102025_face_152.jpg,no_face_detected,0,,,,,
22102025,22102025_face_153.jpg,dataset/raw/uncovered/22102025/22102025_face_153.jpg,dataset/rejected/22102025/22102025_face_153.jpg,no_face_detected,0,,,,,
22102025,22102025_face_154.jpg,dataset/raw/uncovered/22102025/22102025_face_154.jpg,dataset/rejected/22102025/22102025_face_154.jpg,no_face_detected,0,,,,,
22102025,22102025_face_155.jpg,dataset/raw/uncovered/22102025/22102025_face_155.jpg,dataset/rejected/22102025/22102025_face_155.jpg,no_face_detected,0,,,,,
22102025,22102025_face_159.jpg,dataset/raw/uncovered/22102025/22102025_face_159.jpg,dataset/rejected/22102025/22102025_face_159.jpg,detection_confidence_below_threshold,1,,,,,
22102025,22102025_face_160.jpg,dataset/raw/uncovered/22102025/22102025_face_160.jpg,dataset/rejected/22102025/22102025_face_160.jpg,no_face_detected,0,,,,,
22102025,22102025_face_166.jpg,dataset/raw/uncovered/22102025/22102025_face_166.jpg,dataset/rejected/22102025/22102025_face_166.jpg,no_face_detected,0,,,,,
22102025,22102025_face_170.jpg,dataset/raw/uncovered/22102025/22102025_face_170.jpg,dataset/rejected/22102025/22102025_face_170.jpg,no_face_detected,0,,,,,
22102025,22102025_face_171.jpg,dataset/raw/uncovered/22102025/22102025_face_171.jpg,dataset/rejected/22102025/22102025_face_171.jpg,no_face_detected,0,,,,,
22102025,22102025_face_172.jpg,dataset/raw/uncovered/22102025/22102025_face_172.jpg,dataset/rejected/22102025/22102025_face_172.jpg,no_face_detected,0,,,,,
22102025,22102025_face_173.jpg,dataset/raw/uncovered/22102025/22102025_face_173.jpg,dataset/rejected/22102025/22102025_face_173.jpg,no_face_detected,0,,,,,
22102025,22102025_face_174.jpg,dataset/raw/uncovered/22102025/22102025_face_174.jpg,dataset/rejected/22102025/22102025_face_174.jpg,no_face_detected,0,,,,,
22102025,22102025_face_175.jpg,dataset/raw/uncovered/22102025/22102025_face_175.jpg,dataset/rejected/22102025/22102025_face_175.jpg,no_face_detected,0,,,,,
22102025,22102025_face_178.jpg,dataset/raw/uncovered/22102025/22102025_face_178.jpg,dataset/rejected/22102025/22102025_face_178.jpg,no_face_detected,0,,,,,
22102025,22102025_face_179.jpg,dataset/raw/uncovered/22102025/22102025_face_179.jpg,dataset/rejected/22102025/22102025_face_179.jpg,no_face_detected,0,,,,,
22102025,22102025_face_180.jpg,dataset/raw/uncovered/22102025/22102025_face_180.jpg,dataset/rejected/22102025/22102025_face_180.jpg,no_face_detected,0,,,,,
22102025,22102025_face_181.jpg,dataset/raw/uncovered/22102025/22102025_face_181.jpg,dataset/rejected/22102025/22102025_face_181.jpg,no_face_detected,0,,,,,
22102025,22102025_face_182.jpg,dataset/raw/uncovered/22102025/22102025_face_182.jpg,dataset/rejected/22102025/22102025_face_182.jpg,no_face_detected,0,,,,,
22102025,22102025_face_183.jpg,dataset/raw/uncovered/22102025/22102025_face_183.jpg,dataset/rejected/22102025/22102025_face_183.jpg,no_face_detected,0,,,,,
22102025,22102025_face_184.jpg,dataset/raw/uncovered/22102025/22102025_face_184.jpg,dataset/rejected/22102025/22102025_face_184.jpg,no_face_detected,0,,,,,
22102025,22102025_face_191.jpg,dataset/raw/uncovered/22102025/22102025_face_191.jpg,dataset/rejected/22102025/22102025_face_191.jpg,detection_confidence_below_threshold,1,,,,,
22102026,22102026_face_014.jpg,dataset/raw/uncovered/22102026/22102026_face_014.jpg,dataset/rejected/22102026/22102026_face_014.jpg,no_face_detected,0,,,,,
22102026,22102026_face_036.jpg,dataset/raw/uncovered/22102026/22102026_face_036.jpg,dataset/rejected/22102026/22102026_face_036.jpg,no_face_detected,0,,,,,
22102026,22102026_face_038.jpg,dataset/raw/uncovered/22102026/22102026_face_038.jpg,dataset/rejected/22102026/22102026_face_038.jpg,no_face_detected,0,,,,,
22102026,22102026_face_039.jpg,dataset/raw/uncovered/22102026/22102026_face_039.jpg,dataset/rejected/22102026/22102026_face_039.jpg,no_face_detected,0,,,,,
22102026,22102026_face_040.jpg,dataset/raw/uncovered/22102026/22102026_face_040.jpg,dataset/rejected/22102026/22102026_face_040.jpg,no_face_detected,0,,,,,
22102026,22102026_face_041.jpg,dataset/raw/uncovered/22102026/22102026_face_041.jpg,dataset/rejected/22102026/22102026_face_041.jpg,no_face_detected,0,,,,,
22102026,22102026_face_042.jpg,dataset/raw/uncovered/22102026/22102026_face_042.jpg,dataset/rejected/22102026/22102026_face_042.jpg,no_face_detected,0,,,,,
22102026,22102026_face_064.jpg,dataset/raw/uncovered/22102026/22102026_face_064.jpg,dataset/rejected/22102026/22102026_face_064.jpg,no_face_detected,0,,,,,
22102026,22102026_face_065.jpg,dataset/raw/uncovered/22102026/22102026_face_065.jpg,dataset/rejected/22102026/22102026_face_065.jpg,no_face_detected,0,,,,,
22102026,22102026_face_066.jpg,dataset/raw/uncovered/22102026/22102026_face_066.jpg,dataset/rejected/22102026/22102026_face_066.jpg,no_face_detected,0,,,,,
22102026,22102026_face_071.jpg,dataset/raw/uncovered/22102026/22102026_face_071.jpg,dataset/rejected/22102026/22102026_face_071.jpg,no_face_detected,0,,,,,
22102026,22102026_face_072.jpg,dataset/raw/uncovered/22102026/22102026_face_072.jpg,dataset/rejected/22102026/22102026_face_072.jpg,no_face_detected,0,,,,,
22102026,22102026_face_073.jpg,dataset/raw/uncovered/22102026/22102026_face_073.jpg,dataset/rejected/22102026/22102026_face_073.jpg,no_face_detected,0,,,,,
22102026,22102026_face_080.jpg,dataset/raw/uncovered/22102026/22102026_face_080.jpg,dataset/rejected/22102026/22102026_face_080.jpg,no_face_detected,0,,,,,
22102026,22102026_face_082.jpg,dataset/raw/uncovered/22102026/22102026_face_082.jpg,dataset/rejected/22102026/22102026_face_082.jpg,detection_confidence_below_threshold,1,,,,,
22102026,22102026_face_115.jpg,dataset/raw/uncovered/22102026/22102026_face_115.jpg,dataset/rejected/22102026/22102026_face_115.jpg,no_face_detected,0,,,,,
22102026,22102026_face_131.jpg,dataset/raw/uncovered/22102026/22102026_face_131.jpg,dataset/rejected/22102026/22102026_face_131.jpg,face_too_small,1,,,,,
22102026,22102026_face_132.jpg,dataset/raw/uncovered/22102026/22102026_face_132.jpg,dataset/rejected/22102026/22102026_face_132.jpg,no_face_detected,0,,,,,
22102026,22102026_face_134.jpg,dataset/raw/uncovered/22102026/22102026_face_134.jpg,dataset/rejected/22102026/22102026_face_134.jpg,face_too_small,2,,,,,
22102026,22102026_face_135.jpg,dataset/raw/uncovered/22102026/22102026_face_135.jpg,dataset/rejected/22102026/22102026_face_135.jpg,face_too_small,2,,,,,
22102026,22102026_face_137.jpg,dataset/raw/uncovered/22102026/22102026_face_137.jpg,dataset/rejected/22102026/22102026_face_137.jpg,face_too_small,1,,,,,
22102026,22102026_face_139.jpg,dataset/raw/uncovered/22102026/22102026_face_139.jpg,dataset/rejected/22102026/22102026_face_139.jpg,face_too_small,1,,,,,
22102026,22102026_face_140.jpg,dataset/raw/uncovered/22102026/22102026_face_140.jpg,dataset/rejected/22102026/22102026_face_140.jpg,face_too_small,2,,,,,
22102026,22102026_face_141.jpg,dataset/raw/uncovered/22102026/22102026_face_141.jpg,dataset/rejected/22102026/22102026_face_141.jpg,detection_confidence_below_threshold,1,,,,,
22102026,22102026_face_143.jpg,dataset/raw/uncovered/22102026/22102026_face_143.jpg,dataset/rejected/22102026/22102026_face_143.jpg,face_too_small,1,,,,,
22102026,22102026_face_144.jpg,dataset/raw/uncovered/22102026/22102026_face_144.jpg,dataset/rejected/22102026/22102026_face_144.jpg,face_too_small,2,,,,,
22102026,22102026_face_145.jpg,dataset/raw/uncovered/22102026/22102026_face_145.jpg,dataset/rejected/22102026/22102026_face_145.jpg,detection_confidence_below_threshold,2,,,,,
22102026,22102026_face_146.jpg,dataset/raw/uncovered/22102026/22102026_face_146.jpg,dataset/rejected/22102026/22102026_face_146.jpg,face_too_small,2,,,,,
22102026,22102026_face_147.jpg,dataset/raw/uncovered/22102026/22102026_face_147.jpg,dataset/rejected/22102026/22102026_face_147.jpg,face_too_small,1,,,,,
22102026,22102026_face_150.jpg,dataset/raw/uncovered/22102026/22102026_face_150.jpg,dataset/rejected/22102026/22102026_face_150.jpg,face_too_small,1,,,,,
22102027,22102027_face_001.jpg,dataset/raw/uncovered/22102027/22102027_face_001.jpg,dataset/rejected/22102027/22102027_face_001.jpg,no_face_detected,0,,,,,
22102027,22102027_face_002.jpg,dataset/raw/uncovered/22102027/22102027_face_002.jpg,dataset/rejected/22102027/22102027_face_002.jpg,no_face_detected,0,,,,,
22102027,22102027_face_003.jpg,dataset/raw/uncovered/22102027/22102027_face_003.jpg,dataset/rejected/22102027/22102027_face_003.jpg,no_face_detected,0,,,,,
22102027,22102027_face_004.jpg,dataset/raw/uncovered/22102027/22102027_face_004.jpg,dataset/rejected/22102027/22102027_face_004.jpg,no_face_detected,0,,,,,
22102027,22102027_face_005.jpg,dataset/raw/uncovered/22102027/22102027_face_005.jpg,dataset/rejected/22102027/22102027_face_005.jpg,no_face_detected,0,,,,,
22102027,22102027_face_006.jpg,dataset/raw/uncovered/22102027/22102027_face_006.jpg,dataset/rejected/22102027/22102027_face_006.jpg,no_face_detected,0,,,,,
22102027,22102027_face_108.jpg,dataset/raw/uncovered/22102027/22102027_face_108.jpg,dataset/rejected/22102027/22102027_face_108.jpg,detection_confidence_below_threshold,1,,,,,
22102027,22102027_face_113.jpg,dataset/raw/uncovered/22102027/22102027_face_113.jpg,dataset/rejected/22102027/22102027_face_113.jpg,no_face_detected,0,,,,,
22102027,22102027_face_117.jpg,dataset/raw/uncovered/22102027/22102027_face_117.jpg,dataset/rejected/22102027/22102027_face_117.jpg,no_face_detected,0,,,,,
22102027,22102027_face_138.jpg,dataset/raw/uncovered/22102027/22102027_face_138.jpg,dataset/rejected/22102027/22102027_face_138.jpg,no_face_detected,0,,,,,
22102027,22102027_face_139.jpg,dataset/raw/uncovered/22102027/22102027_face_139.jpg,dataset/rejected/22102027/22102027_face_139.jpg,no_face_detected,0,,,,,
22102027,22102027_face_140.jpg,dataset/raw/uncovered/22102027/22102027_face_140.jpg,dataset/rejected/22102027/22102027_face_140.jpg,no_face_detected,0,,,,,
22102027,22102027_face_141.jpg,dataset/raw/uncovered/22102027/22102027_face_141.jpg,dataset/rejected/22102027/22102027_face_141.jpg,no_face_detected,0,,,,,
22102027,22102027_face_142.jpg,dataset/raw/uncovered/22102027/22102027_face_142.jpg,dataset/rejected/22102027/22102027_face_142.jpg,no_face_detected,0,,,,,
22102027,22102027_face_143.jpg,dataset/raw/uncovered/22102027/22102027_face_143.jpg,dataset/rejected/22102027/22102027_face_143.jpg,no_face_detected,0,,,,,
22102029,22102029_face_165.jpg,dataset/raw/uncovered/22102029/22102029_face_165.jpg,dataset/rejected/22102029/22102029_face_165.jpg,multiple_ambiguous_faces,2,,,,,
22102029,22102029_face_167.jpg,dataset/raw/uncovered/22102029/22102029_face_167.jpg,dataset/rejected/22102029/22102029_face_167.jpg,detection_confidence_below_threshold,1,,,,,
22102029,22102029_face_168.jpg,dataset/raw/uncovered/22102029/22102029_face_168.jpg,dataset/rejected/22102029/22102029_face_168.jpg,detection_confidence_below_threshold,1,,,,,
22102032,22102032_face_001.jpg,dataset/raw/uncovered/22102032/22102032_face_001.jpg,dataset/rejected/22102032/22102032_face_001.jpg,no_face_detected,0,,,,,
22102032,22102032_face_002.jpg,dataset/raw/uncovered/22102032/22102032_face_002.jpg,dataset/rejected/22102032/22102032_face_002.jpg,detection_confidence_below_threshold,2,,,,,
22102032,22102032_face_003.jpg,dataset/raw/uncovered/22102032/22102032_face_003.jpg,dataset/rejected/22102032/22102032_face_003.jpg,no_face_detected,0,,,,,
22102032,22102032_face_004.jpg,dataset/raw/uncovered/22102032/22102032_face_004.jpg,dataset/rejected/22102032/22102032_face_004.jpg,detection_confidence_below_threshold,1,,,,,
22102032,22102032_face_005.jpg,dataset/raw/uncovered/22102032/22102032_face_005.jpg,dataset/rejected/22102032/22102032_face_005.jpg,no_face_detected,0,,,,,
22102032,22102032_face_006.jpg,dataset/raw/uncovered/22102032/22102032_face_006.jpg,dataset/rejected/22102032/22102032_face_006.jpg,detection_confidence_below_threshold,1,,,,,
22102032,22102032_face_007.jpg,dataset/raw/uncovered/22102032/22102032_face_007.jpg,dataset/rejected/22102032/22102032_face_007.jpg,detection_confidence_below_threshold,1,,,,,
22102032,22102032_face_008.jpg,dataset/raw/uncovered/22102032/22102032_face_008.jpg,dataset/rejected/22102032/22102032_face_008.jpg,detection_confidence_below_threshold,1,,,,,
22102032,22102032_face_009.jpg,dataset/raw/uncovered/22102032/22102032_face_009.jpg,dataset/rejected/22102032/22102032_face_009.jpg,no_face_detected,0,,,,,
22102032,22102032_face_013.jpg,dataset/raw/uncovered/22102032/22102032_face_013.jpg,dataset/rejected/22102032/22102032_face_013.jpg,detection_confidence_below_threshold,1,,,,,
22102032,22102032_face_028.jpg,dataset/raw/uncovered/22102032/22102032_face_028.jpg,dataset/rejected/22102032/22102032_face_028.jpg,no_face_detected,0,,,,,
22102032,22102032_face_042.jpg,dataset/raw/uncovered/22102032/22102032_face_042.jpg,dataset/rejected/22102032/22102032_face_042.jpg,no_face_detected,0,,,,,
22102032,22102032_face_045.jpg,dataset/raw/uncovered/22102032/22102032_face_045.jpg,dataset/rejected/22102032/22102032_face_045.jpg,no_face_detected,0,,,,,
22102032,22102032_face_049.jpg,dataset/raw/uncovered/22102032/22102032_face_049.jpg,dataset/rejected/22102032/22102032_face_049.jpg,no_face_detected,0,,,,,
22102032,22102032_face_052.jpg,dataset/raw/uncovered/22102032/22102032_face_052.jpg,dataset/rejected/22102032/22102032_face_052.jpg,no_face_detected,0,,,,,
22102032,22102032_face_054.jpg,dataset/raw/uncovered/22102032/22102032_face_054.jpg,dataset/rejected/22102032/22102032_face_054.jpg,detection_confidence_below_threshold,1,,,,,
22102032,22102032_face_059.jpg,dataset/raw/uncovered/22102032/22102032_face_059.jpg,dataset/rejected/22102032/22102032_face_059.jpg,no_face_detected,0,,,,,
22102032,22102032_face_063.jpg,dataset/raw/uncovered/22102032/22102032_face_063.jpg,dataset/rejected/22102032/22102032_face_063.jpg,detection_confidence_below_threshold,1,,,,,
22102032,22102032_face_065.jpg,dataset/raw/uncovered/22102032/22102032_face_065.jpg,dataset/rejected/22102032/22102032_face_065.jpg,no_face_detected,0,,,,,
22102032,22102032_face_067.jpg,dataset/raw/uncovered/22102032/22102032_face_067.jpg,dataset/rejected/22102032/22102032_face_067.jpg,no_face_detected,0,,,,,
22102032,22102032_face_080.jpg,dataset/raw/uncovered/22102032/22102032_face_080.jpg,dataset/rejected/22102032/22102032_face_080.jpg,face_too_small,1,,,,,
22102032,22102032_face_082.jpg,dataset/raw/uncovered/22102032/22102032_face_082.jpg,dataset/rejected/22102032/22102032_face_082.jpg,detection_confidence_below_threshold,2,,,,,
22102032,22102032_face_087.jpg,dataset/raw/uncovered/22102032/22102032_face_087.jpg,dataset/rejected/22102032/22102032_face_087.jpg,detection_confidence_below_threshold,1,,,,,
22102032,22102032_face_089.jpg,dataset/raw/uncovered/22102032/22102032_face_089.jpg,dataset/rejected/22102032/22102032_face_089.jpg,no_face_detected,0,,,,,
22102032,22102032_face_090.jpg,dataset/raw/uncovered/22102032/22102032_face_090.jpg,dataset/rejected/22102032/22102032_face_090.jpg,detection_confidence_below_threshold,2,,,,,
22102032,22102032_face_092.jpg,dataset/raw/uncovered/22102032/22102032_face_092.jpg,dataset/rejected/22102032/22102032_face_092.jpg,no_face_detected,0,,,,,
22102032,22102032_face_093.jpg,dataset/raw/uncovered/22102032/22102032_face_093.jpg,dataset/rejected/22102032/22102032_face_093.jpg,no_face_detected,0,,,,,
22102032,22102032_face_096.jpg,dataset/raw/uncovered/22102032/22102032_face_096.jpg,dataset/rejected/22102032/22102032_face_096.jpg,no_face_detected,0,,,,,
22102032,22102032_face_097.jpg,dataset/raw/uncovered/22102032/22102032_face_097.jpg,dataset/rejected/22102032/22102032_face_097.jpg,detection_confidence_below_threshold,1,,,,,
22102032,22102032_face_100.jpg,dataset/raw/uncovered/22102032/22102032_face_100.jpg,dataset/rejected/22102032/22102032_face_100.jpg,no_face_detected,0,,,,,
22102032,22102032_face_106.jpg,dataset/raw/uncovered/22102032/22102032_face_106.jpg,dataset/rejected/22102032/22102032_face_106.jpg,no_face_detected,0,,,,,
22102032,22102032_face_107.jpg,dataset/raw/uncovered/22102032/22102032_face_107.jpg,dataset/rejected/22102032/22102032_face_107.jpg,no_face_detected,0,,,,,
22102032,22102032_face_110.jpg,dataset/raw/uncovered/22102032/22102032_face_110.jpg,dataset/rejected/22102032/22102032_face_110.jpg,no_face_detected,0,,,,,
22102032,22102032_face_113.jpg,dataset/raw/uncovered/22102032/22102032_face_113.jpg,dataset/rejected/22102032/22102032_face_113.jpg,detection_confidence_below_threshold,1,,,,,
22102032,22102032_face_114.jpg,dataset/raw/uncovered/22102032/22102032_face_114.jpg,dataset/rejected/22102032/22102032_face_114.jpg,detection_confidence_below_threshold,1,,,,,
22102032,22102032_face_119.jpg,dataset/raw/uncovered/22102032/22102032_face_119.jpg,dataset/rejected/22102032/22102032_face_119.jpg,no_face_detected,0,,,,,
22102032,22102032_face_120.jpg,dataset/raw/uncovered/22102032/22102032_face_120.jpg,dataset/rejected/22102032/22102032_face_120.jpg,no_face_detected,0,,,,,
22102032,22102032_face_121.jpg,dataset/raw/uncovered/22102032/22102032_face_121.jpg,dataset/rejected/22102032/22102032_face_121.jpg,no_face_detected,0,,,,,
22102032,22102032_face_141.jpg,dataset/raw/uncovered/22102032/22102032_face_141.jpg,dataset/rejected/22102032/22102032_face_141.jpg,detection_confidence_below_threshold,1,,,,,
22102032,22102032_face_148.jpg,dataset/raw/uncovered/22102032/22102032_face_148.jpg,dataset/rejected/22102032/22102032_face_148.jpg,no_face_detected,0,,,,,
22102032,22102032_face_150.jpg,dataset/raw/uncovered/22102032/22102032_face_150.jpg,dataset/rejected/22102032/22102032_face_150.jpg,no_face_detected,0,,,,,
22102032,22102032_face_151.jpg,dataset/raw/uncovered/22102032/22102032_face_151.jpg,dataset/rejected/22102032/22102032_face_151.jpg,no_face_detected,0,,,,,
22102032,22102032_face_152.jpg,dataset/raw/uncovered/22102032/22102032_face_152.jpg,dataset/rejected/22102032/22102032_face_152.jpg,no_face_detected,0,,,,,
22102032,22102032_face_155.jpg,dataset/raw/uncovered/22102032/22102032_face_155.jpg,dataset/rejected/22102032/22102032_face_155.jpg,no_face_detected,0,,,,,
22102032,22102032_face_157.jpg,dataset/raw/uncovered/22102032/22102032_face_157.jpg,dataset/rejected/22102032/22102032_face_157.jpg,detection_confidence_below_threshold,1,,,,,
22102032,22102032_face_158.jpg,dataset/raw/uncovered/22102032/22102032_face_158.jpg,dataset/rejected/22102032/22102032_face_158.jpg,no_face_detected,0,,,,,
22102032,22102032_face_159.jpg,dataset/raw/uncovered/22102032/22102032_face_159.jpg,dataset/rejected/22102032/22102032_face_159.jpg,detection_confidence_below_threshold,1,,,,,
22102032,22102032_face_161.jpg,dataset/raw/uncovered/22102032/22102032_face_161.jpg,dataset/rejected/22102032/22102032_face_161.jpg,no_face_detected,0,,,,,
22102032,22102032_face_163.jpg,dataset/raw/uncovered/22102032/22102032_face_163.jpg,dataset/rejected/22102032/22102032_face_163.jpg,detection_confidence_below_threshold,1,,,,,
22102032,22102032_face_164.jpg,dataset/raw/uncovered/22102032/22102032_face_164.jpg,dataset/rejected/22102032/22102032_face_164.jpg,no_face_detected,0,,,,,
22102032,22102032_face_165.jpg,dataset/raw/uncovered/22102032/22102032_face_165.jpg,dataset/rejected/22102032/22102032_face_165.jpg,detection_confidence_below_threshold,1,,,,,
22102032,22102032_face_166.jpg,dataset/raw/uncovered/22102032/22102032_face_166.jpg,dataset/rejected/22102032/22102032_face_166.jpg,no_face_detected,0,,,,,
22102032,22102032_face_167.jpg,dataset/raw/uncovered/22102032/22102032_face_167.jpg,dataset/rejected/22102032/22102032_face_167.jpg,no_face_detected,0,,,,,
22102032,22102032_face_170.jpg,dataset/raw/uncovered/22102032/22102032_face_170.jpg,dataset/rejected/22102032/22102032_face_170.jpg,no_face_detected,0,,,,,
22102032,22102032_face_171.jpg,dataset/raw/uncovered/22102032/22102032_face_171.jpg,dataset/rejected/22102032/22102032_face_171.jpg,no_face_detected,0,,,,,
22102032,22102032_face_172.jpg,dataset/raw/uncovered/22102032/22102032_face_172.jpg,dataset/rejected/22102032/22102032_face_172.jpg,detection_confidence_below_threshold,1,,,,,
22102032,22102032_face_197.jpg,dataset/raw/uncovered/22102032/22102032_face_197.jpg,dataset/rejected/22102032/22102032_face_197.jpg,no_face_detected,0,,,,,
22102032,22102032_face_200.jpg,dataset/raw/uncovered/22102032/22102032_face_200.jpg,dataset/rejected/22102032/22102032_face_200.jpg,no_face_detected,0,,,,,
22102034,22102034_face_001.jpg,dataset/raw/uncovered/22102034/22102034_face_001.jpg,dataset/rejected/22102034/22102034_face_001.jpg,no_face_detected,0,,,,,
22102034,22102034_face_002.jpg,dataset/raw/uncovered/22102034/22102034_face_002.jpg,dataset/rejected/22102034/22102034_face_002.jpg,no_face_detected,0,,,,,
22102034,22102034_face_003.jpg,dataset/raw/uncovered/22102034/22102034_face_003.jpg,dataset/rejected/22102034/22102034_face_003.jpg,no_face_detected,0,,,,,
22102034,22102034_face_004.jpg,dataset/raw/uncovered/22102034/22102034_face_004.jpg,dataset/rejected/22102034/22102034_face_004.jpg,no_face_detected,0,,,,,
22102034,22102034_face_005.jpg,dataset/raw/uncovered/22102034/22102034_face_005.jpg,dataset/rejected/22102034/22102034_face_005.jpg,no_face_detected,0,,,,,
22102034,22102034_face_006.jpg,dataset/raw/uncovered/22102034/22102034_face_006.jpg,dataset/rejected/22102034/22102034_face_006.jpg,no_face_detected,0,,,,,
22102034,22102034_face_007.jpg,dataset/raw/uncovered/22102034/22102034_face_007.jpg,dataset/rejected/22102034/22102034_face_007.jpg,no_face_detected,0,,,,,
22102034,22102034_face_008.jpg,dataset/raw/uncovered/22102034/22102034_face_008.jpg,dataset/rejected/22102034/22102034_face_008.jpg,no_face_detected,0,,,,,
22102034,22102034_face_009.jpg,dataset/raw/uncovered/22102034/22102034_face_009.jpg,dataset/rejected/22102034/22102034_face_009.jpg,no_face_detected,0,,,,,
22102034,22102034_face_010.jpg,dataset/raw/uncovered/22102034/22102034_face_010.jpg,dataset/rejected/22102034/22102034_face_010.jpg,no_face_detected,0,,,,,
22102034,22102034_face_011.jpg,dataset/raw/uncovered/22102034/22102034_face_011.jpg,dataset/rejected/22102034/22102034_face_011.jpg,no_face_detected,0,,,,,
22102034,22102034_face_012.jpg,dataset/raw/uncovered/22102034/22102034_face_012.jpg,dataset/rejected/22102034/22102034_face_012.jpg,no_face_detected,0,,,,,
22102034,22102034_face_013.jpg,dataset/raw/uncovered/22102034/22102034_face_013.jpg,dataset/rejected/22102034/22102034_face_013.jpg,no_face_detected,0,,,,,
22102034,22102034_face_014.jpg,dataset/raw/uncovered/22102034/22102034_face_014.jpg,dataset/rejected/22102034/22102034_face_014.jpg,no_face_detected,0,,,,,
22102034,22102034_face_015.jpg,dataset/raw/uncovered/22102034/22102034_face_015.jpg,dataset/rejected/22102034/22102034_face_015.jpg,no_face_detected,0,,,,,
22102034,22102034_face_016.jpg,dataset/raw/uncovered/22102034/22102034_face_016.jpg,dataset/rejected/22102034/22102034_face_016.jpg,no_face_detected,0,,,,,
22102034,22102034_face_017.jpg,dataset/raw/uncovered/22102034/22102034_face_017.jpg,dataset/rejected/22102034/22102034_face_017.jpg,no_face_detected,0,,,,,
22102034,22102034_face_018.jpg,dataset/raw/uncovered/22102034/22102034_face_018.jpg,dataset/rejected/22102034/22102034_face_018.jpg,no_face_detected,0,,,,,
22102034,22102034_face_019.jpg,dataset/raw/uncovered/22102034/22102034_face_019.jpg,dataset/rejected/22102034/22102034_face_019.jpg,no_face_detected,0,,,,,
22102034,22102034_face_116.jpg,dataset/raw/uncovered/22102034/22102034_face_116.jpg,dataset/rejected/22102034/22102034_face_116.jpg,no_face_detected,0,,,,,
22102034,22102034_face_117.jpg,dataset/raw/uncovered/22102034/22102034_face_117.jpg,dataset/rejected/22102034/22102034_face_117.jpg,no_face_detected,0,,,,,
22102034,22102034_face_118.jpg,dataset/raw/uncovered/22102034/22102034_face_118.jpg,dataset/rejected/22102034/22102034_face_118.jpg,no_face_detected,0,,,,,
22102034,22102034_face_123.jpg,dataset/raw/uncovered/22102034/22102034_face_123.jpg,dataset/rejected/22102034/22102034_face_123.jpg,detection_confidence_below_threshold,1,,,,,
22102034,22102034_face_126.jpg,dataset/raw/uncovered/22102034/22102034_face_126.jpg,dataset/rejected/22102034/22102034_face_126.jpg,no_face_detected,0,,,,,
22102034,22102034_face_127.jpg,dataset/raw/uncovered/22102034/22102034_face_127.jpg,dataset/rejected/22102034/22102034_face_127.jpg,no_face_detected,0,,,,,
22102034,22102034_face_128.jpg,dataset/raw/uncovered/22102034/22102034_face_128.jpg,dataset/rejected/22102034/22102034_face_128.jpg,detection_confidence_below_threshold,1,,,,,
22102034,22102034_face_129.jpg,dataset/raw/uncovered/22102034/22102034_face_129.jpg,dataset/rejected/22102034/22102034_face_129.jpg,detection_confidence_below_threshold,1,,,,,
22102034,22102034_face_130.jpg,dataset/raw/uncovered/22102034/22102034_face_130.jpg,dataset/rejected/22102034/22102034_face_130.jpg,no_face_detected,0,,,,,
22102034,22102034_face_132.jpg,dataset/raw/uncovered/22102034/22102034_face_132.jpg,dataset/rejected/22102034/22102034_face_132.jpg,detection_confidence_below_threshold,1,,,,,
22102034,22102034_face_133.jpg,dataset/raw/uncovered/22102034/22102034_face_133.jpg,dataset/rejected/22102034/22102034_face_133.jpg,no_face_detected,0,,,,,
22102034,22102034_face_134.jpg,dataset/raw/uncovered/22102034/22102034_face_134.jpg,dataset/rejected/22102034/22102034_face_134.jpg,no_face_detected,0,,,,,
22102034,22102034_face_135.jpg,dataset/raw/uncovered/22102034/22102034_face_135.jpg,dataset/rejected/22102034/22102034_face_135.jpg,detection_confidence_below_threshold,1,,,,,
22102034,22102034_face_136.jpg,dataset/raw/uncovered/22102034/22102034_face_136.jpg,dataset/rejected/22102034/22102034_face_136.jpg,no_face_detected,0,,,,,
22102034,22102034_face_137.jpg,dataset/raw/uncovered/22102034/22102034_face_137.jpg,dataset/rejected/22102034/22102034_face_137.jpg,detection_confidence_below_threshold,1,,,,,
22102034,22102034_face_138.jpg,dataset/raw/uncovered/22102034/22102034_face_138.jpg,dataset/rejected/22102034/22102034_face_138.jpg,no_face_detected,0,,,,,
22102034,22102034_face_139.jpg,dataset/raw/uncovered/22102034/22102034_face_139.jpg,dataset/rejected/22102034/22102034_face_139.jpg,detection_confidence_below_threshold,1,,,,,
22102034,22102034_face_142.jpg,dataset/raw/uncovered/22102034/22102034_face_142.jpg,dataset/rejected/22102034/22102034_face_142.jpg,detection_confidence_below_threshold,1,,,,,
22102034,22102034_face_143.jpg,dataset/raw/uncovered/22102034/22102034_face_143.jpg,dataset/rejected/22102034/22102034_face_143.jpg,detection_confidence_below_threshold,1,,,,,
22102034,22102034_face_144.jpg,dataset/raw/uncovered/22102034/22102034_face_144.jpg,dataset/rejected/22102034/22102034_face_144.jpg,detection_confidence_below_threshold,2,,,,,
22102034,22102034_face_147.jpg,dataset/raw/uncovered/22102034/22102034_face_147.jpg,dataset/rejected/22102034/22102034_face_147.jpg,no_face_detected,0,,,,,
22102035,22102035_face_016.jpg,dataset/raw/uncovered/22102035/22102035_face_016.jpg,dataset/rejected/22102035/22102035_face_016.jpg,no_face_detected,0,,,,,
22102035,22102035_face_018.jpg,dataset/raw/uncovered/22102035/22102035_face_018.jpg,dataset/rejected/22102035/22102035_face_018.jpg,no_face_detected,0,,,,,
22102035,22102035_face_019.jpg,dataset/raw/uncovered/22102035/22102035_face_019.jpg,dataset/rejected/22102035/22102035_face_019.jpg,no_face_detected,0,,,,,
22102035,22102035_face_020.jpg,dataset/raw/uncovered/22102035/22102035_face_020.jpg,dataset/rejected/22102035/22102035_face_020.jpg,no_face_detected,0,,,,,
22102035,22102035_face_021.jpg,dataset/raw/uncovered/22102035/22102035_face_021.jpg,dataset/rejected/22102035/22102035_face_021.jpg,no_face_detected,0,,,,,
22102035,22102035_face_022.jpg,dataset/raw/uncovered/22102035/22102035_face_022.jpg,dataset/rejected/22102035/22102035_face_022.jpg,no_face_detected,0,,,,,
22102035,22102035_face_023.jpg,dataset/raw/uncovered/22102035/22102035_face_023.jpg,dataset/rejected/22102035/22102035_face_023.jpg,no_face_detected,0,,,,,
22102035,22102035_face_024.jpg,dataset/raw/uncovered/22102035/22102035_face_024.jpg,dataset/rejected/22102035/22102035_face_024.jpg,no_face_detected,0,,,,,
22102035,22102035_face_027.jpg,dataset/raw/uncovered/22102035/22102035_face_027.jpg,dataset/rejected/22102035/22102035_face_027.jpg,no_face_detected,0,,,,,
22102035,22102035_face_028.jpg,dataset/raw/uncovered/22102035/22102035_face_028.jpg,dataset/rejected/22102035/22102035_face_028.jpg,no_face_detected,0,,,,,
22102035,22102035_face_029.jpg,dataset/raw/uncovered/22102035/22102035_face_029.jpg,dataset/rejected/22102035/22102035_face_029.jpg,no_face_detected,0,,,,,
22102035,22102035_face_030.jpg,dataset/raw/uncovered/22102035/22102035_face_030.jpg,dataset/rejected/22102035/22102035_face_030.jpg,no_face_detected,0,,,,,
22102035,22102035_face_031.jpg,dataset/raw/uncovered/22102035/22102035_face_031.jpg,dataset/rejected/22102035/22102035_face_031.jpg,no_face_detected,0,,,,,
22102035,22102035_face_032.jpg,dataset/raw/uncovered/22102035/22102035_face_032.jpg,dataset/rejected/22102035/22102035_face_032.jpg,no_face_detected,0,,,,,
22102035,22102035_face_033.jpg,dataset/raw/uncovered/22102035/22102035_face_033.jpg,dataset/rejected/22102035/22102035_face_033.jpg,no_face_detected,0,,,,,
22102035,22102035_face_034.jpg,dataset/raw/uncovered/22102035/22102035_face_034.jpg,dataset/rejected/22102035/22102035_face_034.jpg,no_face_detected,0,,,,,
22102035,22102035_face_035.jpg,dataset/raw/uncovered/22102035/22102035_face_035.jpg,dataset/rejected/22102035/22102035_face_035.jpg,no_face_detected,0,,,,,
22102035,22102035_face_036.jpg,dataset/raw/uncovered/22102035/22102035_face_036.jpg,dataset/rejected/22102035/22102035_face_036.jpg,no_face_detected,0,,,,,
22102035,22102035_face_037.jpg,dataset/raw/uncovered/22102035/22102035_face_037.jpg,dataset/rejected/22102035/22102035_face_037.jpg,no_face_detected,0,,,,,
22102035,22102035_face_038.jpg,dataset/raw/uncovered/22102035/22102035_face_038.jpg,dataset/rejected/22102035/22102035_face_038.jpg,no_face_detected,0,,,,,
22102035,22102035_face_039.jpg,dataset/raw/uncovered/22102035/22102035_face_039.jpg,dataset/rejected/22102035/22102035_face_039.jpg,no_face_detected,0,,,,,
22102035,22102035_face_040.jpg,dataset/raw/uncovered/22102035/22102035_face_040.jpg,dataset/rejected/22102035/22102035_face_040.jpg,no_face_detected,0,,,,,
22102035,22102035_face_041.jpg,dataset/raw/uncovered/22102035/22102035_face_041.jpg,dataset/rejected/22102035/22102035_face_041.jpg,no_face_detected,0,,,,,
22102035,22102035_face_042.jpg,dataset/raw/uncovered/22102035/22102035_face_042.jpg,dataset/rejected/22102035/22102035_face_042.jpg,no_face_detected,0,,,,,
22102035,22102035_face_043.jpg,dataset/raw/uncovered/22102035/22102035_face_043.jpg,dataset/rejected/22102035/22102035_face_043.jpg,no_face_detected,0,,,,,
22102035,22102035_face_044.jpg,dataset/raw/uncovered/22102035/22102035_face_044.jpg,dataset/rejected/22102035/22102035_face_044.jpg,no_face_detected,0,,,,,
22102035,22102035_face_046.jpg,dataset/raw/uncovered/22102035/22102035_face_046.jpg,dataset/rejected/22102035/22102035_face_046.jpg,detection_confidence_below_threshold,1,,,,,
22102035,22102035_face_049.jpg,dataset/raw/uncovered/22102035/22102035_face_049.jpg,dataset/rejected/22102035/22102035_face_049.jpg,no_face_detected,0,,,,,
22102035,22102035_face_050.jpg,dataset/raw/uncovered/22102035/22102035_face_050.jpg,dataset/rejected/22102035/22102035_face_050.jpg,no_face_detected,0,,,,,
22102035,22102035_face_055.jpg,dataset/raw/uncovered/22102035/22102035_face_055.jpg,dataset/rejected/22102035/22102035_face_055.jpg,detection_confidence_below_threshold,1,,,,,
22102035,22102035_face_076.jpg,dataset/raw/uncovered/22102035/22102035_face_076.jpg,dataset/rejected/22102035/22102035_face_076.jpg,detection_confidence_below_threshold,1,,,,,
22102035,22102035_face_077.jpg,dataset/raw/uncovered/22102035/22102035_face_077.jpg,dataset/rejected/22102035/22102035_face_077.jpg,detection_confidence_below_threshold,1,,,,,
22102035,22102035_face_085.jpg,dataset/raw/uncovered/22102035/22102035_face_085.jpg,dataset/rejected/22102035/22102035_face_085.jpg,no_face_detected,0,,,,,
22102035,22102035_face_087.jpg,dataset/raw/uncovered/22102035/22102035_face_087.jpg,dataset/rejected/22102035/22102035_face_087.jpg,detection_confidence_below_threshold,1,,,,,
22102035,22102035_face_088.jpg,dataset/raw/uncovered/22102035/22102035_face_088.jpg,dataset/rejected/22102035/22102035_face_088.jpg,no_face_detected,0,,,,,
22102035,22102035_face_124.jpg,dataset/raw/uncovered/22102035/22102035_face_124.jpg,dataset/rejected/22102035/22102035_face_124.jpg,no_face_detected,0,,,,,
22102036,22102036_face_007.jpg,dataset/raw/uncovered/22102036/22102036_face_007.jpg,dataset/rejected/22102036/22102036_face_007.jpg,no_face_detected,0,,,,,
22102036,22102036_face_009.jpg,dataset/raw/uncovered/22102036/22102036_face_009.jpg,dataset/rejected/22102036/22102036_face_009.jpg,no_face_detected,0,,,,,
22102036,22102036_face_011.jpg,dataset/raw/uncovered/22102036/22102036_face_011.jpg,dataset/rejected/22102036/22102036_face_011.jpg,detection_confidence_below_threshold,1,,,,,
22102036,22102036_face_025.jpg,dataset/raw/uncovered/22102036/22102036_face_025.jpg,dataset/rejected/22102036/22102036_face_025.jpg,no_face_detected,0,,,,,
22102036,22102036_face_048.jpg,dataset/raw/uncovered/22102036/22102036_face_048.jpg,dataset/rejected/22102036/22102036_face_048.jpg,detection_confidence_below_threshold,1,,,,,
22102036,22102036_face_073.jpg,dataset/raw/uncovered/22102036/22102036_face_073.jpg,dataset/rejected/22102036/22102036_face_073.jpg,detection_confidence_below_threshold,1,,,,,
22102036,22102036_face_081.jpg,dataset/raw/uncovered/22102036/22102036_face_081.jpg,dataset/rejected/22102036/22102036_face_081.jpg,detection_confidence_below_threshold,1,,,,,
22102036,22102036_face_122.jpg,dataset/raw/uncovered/22102036/22102036_face_122.jpg,dataset/rejected/22102036/22102036_face_122.jpg,no_face_detected,0,,,,,
22102036,22102036_face_138.jpg,dataset/raw/uncovered/22102036/22102036_face_138.jpg,dataset/rejected/22102036/22102036_face_138.jpg,no_face_detected,0,,,,,
22102037,22102037_face_028.jpg,dataset/raw/uncovered/22102037/22102037_face_028.jpg,dataset/rejected/22102037/22102037_face_028.jpg,no_face_detected,0,,,,,
22102037,22102037_face_056.jpg,dataset/raw/uncovered/22102037/22102037_face_056.jpg,dataset/rejected/22102037/22102037_face_056.jpg,detection_confidence_below_threshold,1,,,,,
22102037,22102037_face_118.jpg,dataset/raw/uncovered/22102037/22102037_face_118.jpg,dataset/rejected/22102037/22102037_face_118.jpg,detection_confidence_below_threshold,1,,,,,
22102037,22102037_face_119.jpg,dataset/raw/uncovered/22102037/22102037_face_119.jpg,dataset/rejected/22102037/22102037_face_119.jpg,detection_confidence_below_threshold,1,,,,,
22102037,22102037_face_120.jpg,dataset/raw/uncovered/22102037/22102037_face_120.jpg,dataset/rejected/22102037/22102037_face_120.jpg,no_face_detected,0,,,,,
22102037,22102037_face_122.jpg,dataset/raw/uncovered/22102037/22102037_face_122.jpg,dataset/rejected/22102037/22102037_face_122.jpg,no_face_detected,0,,,,,
22102037,22102037_face_123.jpg,dataset/raw/uncovered/22102037/22102037_face_123.jpg,dataset/rejected/22102037/22102037_face_123.jpg,no_face_detected,0,,,,,
22102037,22102037_face_126.jpg,dataset/raw/uncovered/22102037/22102037_face_126.jpg,dataset/rejected/22102037/22102037_face_126.jpg,detection_confidence_below_threshold,2,,,,,
22102037,22102037_face_129.jpg,dataset/raw/uncovered/22102037/22102037_face_129.jpg,dataset/rejected/22102037/22102037_face_129.jpg,detection_confidence_below_threshold,1,,,,,
22102037,22102037_face_137.jpg,dataset/raw/uncovered/22102037/22102037_face_137.jpg,dataset/rejected/22102037/22102037_face_137.jpg,detection_confidence_below_threshold,1,,,,,
22102037,22102037_face_138.jpg,dataset/raw/uncovered/22102037/22102037_face_138.jpg,dataset/rejected/22102037/22102037_face_138.jpg,no_face_detected,0,,,,,
22102037,22102037_face_219.jpg,dataset/raw/uncovered/22102037/22102037_face_219.jpg,dataset/rejected/22102037/22102037_face_219.jpg,no_face_detected,0,,,,,
22102037,22102037_face_220.jpg,dataset/raw/uncovered/22102037/22102037_face_220.jpg,dataset/rejected/22102037/22102037_face_220.jpg,no_face_detected,0,,,,,
22102037,22102037_face_221.jpg,dataset/raw/uncovered/22102037/22102037_face_221.jpg,dataset/rejected/22102037/22102037_face_221.jpg,detection_confidence_below_threshold,1,,,,,
22102037,22102037_face_222.jpg,dataset/raw/uncovered/22102037/22102037_face_222.jpg,dataset/rejected/22102037/22102037_face_222.jpg,no_face_detected,0,,,,,
22102037,22102037_face_223.jpg,dataset/raw/uncovered/22102037/22102037_face_223.jpg,dataset/rejected/22102037/22102037_face_223.jpg,no_face_detected,0,,,,,
22102037,22102037_face_225.jpg,dataset/raw/uncovered/22102037/22102037_face_225.jpg,dataset/rejected/22102037/22102037_face_225.jpg,no_face_detected,0,,,,,
22102037,22102037_face_226.jpg,dataset/raw/uncovered/22102037/22102037_face_226.jpg,dataset/rejected/22102037/22102037_face_226.jpg,no_face_detected,0,,,,,
22102037,22102037_face_227.jpg,dataset/raw/uncovered/22102037/22102037_face_227.jpg,dataset/rejected/22102037/22102037_face_227.jpg,no_face_detected,0,,,,,
22102037,22102037_face_228.jpg,dataset/raw/uncovered/22102037/22102037_face_228.jpg,dataset/rejected/22102037/22102037_face_228.jpg,no_face_detected,0,,,,,
22102037,22102037_face_229.jpg,dataset/raw/uncovered/22102037/22102037_face_229.jpg,dataset/rejected/22102037/22102037_face_229.jpg,no_face_detected,0,,,,,
22102037,22102037_face_230.jpg,dataset/raw/uncovered/22102037/22102037_face_230.jpg,dataset/rejected/22102037/22102037_face_230.jpg,no_face_detected,0,,,,,
22102037,22102037_face_231.jpg,dataset/raw/uncovered/22102037/22102037_face_231.jpg,dataset/rejected/22102037/22102037_face_231.jpg,no_face_detected,0,,,,,
22102037,22102037_face_232.jpg,dataset/raw/uncovered/22102037/22102037_face_232.jpg,dataset/rejected/22102037/22102037_face_232.jpg,no_face_detected,0,,,,,
22102037,22102037_face_233.jpg,dataset/raw/uncovered/22102037/22102037_face_233.jpg,dataset/rejected/22102037/22102037_face_233.jpg,no_face_detected,0,,,,,
22102037,22102037_face_234.jpg,dataset/raw/uncovered/22102037/22102037_face_234.jpg,dataset/rejected/22102037/22102037_face_234.jpg,no_face_detected,0,,,,,
22102037,22102037_face_235.jpg,dataset/raw/uncovered/22102037/22102037_face_235.jpg,dataset/rejected/22102037/22102037_face_235.jpg,no_face_detected,0,,,,,
22102037,22102037_face_236.jpg,dataset/raw/uncovered/22102037/22102037_face_236.jpg,dataset/rejected/22102037/22102037_face_236.jpg,no_face_detected,0,,,,,
22102037,22102037_face_237.jpg,dataset/raw/uncovered/22102037/22102037_face_237.jpg,dataset/rejected/22102037/22102037_face_237.jpg,no_face_detected,0,,,,,
22102037,22102037_face_238.jpg,dataset/raw/uncovered/22102037/22102037_face_238.jpg,dataset/rejected/22102037/22102037_face_238.jpg,no_face_detected,0,,,,,
22102037,22102037_face_249.jpg,dataset/raw/uncovered/22102037/22102037_face_249.jpg,dataset/rejected/22102037/22102037_face_249.jpg,no_face_detected,0,,,,,
22102037,22102037_face_250.jpg,dataset/raw/uncovered/22102037/22102037_face_250.jpg,dataset/rejected/22102037/22102037_face_250.jpg,no_face_detected,0,,,,,
22102037,22102037_face_251.jpg,dataset/raw/uncovered/22102037/22102037_face_251.jpg,dataset/rejected/22102037/22102037_face_251.jpg,no_face_detected,0,,,,,
22102037,22102037_face_252.jpg,dataset/raw/uncovered/22102037/22102037_face_252.jpg,dataset/rejected/22102037/22102037_face_252.jpg,no_face_detected,0,,,,,
22102037,22102037_face_253.jpg,dataset/raw/uncovered/22102037/22102037_face_253.jpg,dataset/rejected/22102037/22102037_face_253.jpg,no_face_detected,0,,,,,
22102037,22102037_face_254.jpg,dataset/raw/uncovered/22102037/22102037_face_254.jpg,dataset/rejected/22102037/22102037_face_254.jpg,no_face_detected,0,,,,,
22102037,22102037_face_255.jpg,dataset/raw/uncovered/22102037/22102037_face_255.jpg,dataset/rejected/22102037/22102037_face_255.jpg,no_face_detected,0,,,,,
22102038,22102038_face_055.jpg,dataset/raw/uncovered/22102038/22102038_face_055.jpg,dataset/rejected/22102038/22102038_face_055.jpg,detection_confidence_below_threshold,1,,,,,
22102038,22102038_face_059.jpg,dataset/raw/uncovered/22102038/22102038_face_059.jpg,dataset/rejected/22102038/22102038_face_059.jpg,detection_confidence_below_threshold,1,,,,,
22102038,22102038_face_060.jpg,dataset/raw/uncovered/22102038/22102038_face_060.jpg,dataset/rejected/22102038/22102038_face_060.jpg,no_face_detected,0,,,,,
22102038,22102038_face_061.jpg,dataset/raw/uncovered/22102038/22102038_face_061.jpg,dataset/rejected/22102038/22102038_face_061.jpg,no_face_detected,0,,,,,
22102038,22102038_face_062.jpg,dataset/raw/uncovered/22102038/22102038_face_062.jpg,dataset/rejected/22102038/22102038_face_062.jpg,no_face_detected,0,,,,,
22102038,22102038_face_063.jpg,dataset/raw/uncovered/22102038/22102038_face_063.jpg,dataset/rejected/22102038/22102038_face_063.jpg,detection_confidence_below_threshold,1,,,,,
22102038,22102038_face_065.jpg,dataset/raw/uncovered/22102038/22102038_face_065.jpg,dataset/rejected/22102038/22102038_face_065.jpg,no_face_detected,0,,,,,
22102038,22102038_face_067.jpg,dataset/raw/uncovered/22102038/22102038_face_067.jpg,dataset/rejected/22102038/22102038_face_067.jpg,no_face_detected,0,,,,,
22102038,22102038_face_068.jpg,dataset/raw/uncovered/22102038/22102038_face_068.jpg,dataset/rejected/22102038/22102038_face_068.jpg,detection_confidence_below_threshold,1,,,,,
22102038,22102038_face_069.jpg,dataset/raw/uncovered/22102038/22102038_face_069.jpg,dataset/rejected/22102038/22102038_face_069.jpg,no_face_detected,0,,,,,
22102038,22102038_face_071.jpg,dataset/raw/uncovered/22102038/22102038_face_071.jpg,dataset/rejected/22102038/22102038_face_071.jpg,no_face_detected,0,,,,,
22102038,22102038_face_072.jpg,dataset/raw/uncovered/22102038/22102038_face_072.jpg,dataset/rejected/22102038/22102038_face_072.jpg,no_face_detected,0,,,,,
22102038,22102038_face_073.jpg,dataset/raw/uncovered/22102038/22102038_face_073.jpg,dataset/rejected/22102038/22102038_face_073.jpg,no_face_detected,0,,,,,
22102038,22102038_face_074.jpg,dataset/raw/uncovered/22102038/22102038_face_074.jpg,dataset/rejected/22102038/22102038_face_074.jpg,no_face_detected,0,,,,,
22102038,22102038_face_075.jpg,dataset/raw/uncovered/22102038/22102038_face_075.jpg,dataset/rejected/22102038/22102038_face_075.jpg,no_face_detected,0,,,,,
22102038,22102038_face_078.jpg,dataset/raw/uncovered/22102038/22102038_face_078.jpg,dataset/rejected/22102038/22102038_face_078.jpg,detection_confidence_below_threshold,3,,,,,
22102038,22102038_face_119.jpg,dataset/raw/uncovered/22102038/22102038_face_119.jpg,dataset/rejected/22102038/22102038_face_119.jpg,no_face_detected,0,,,,,
22102038,22102038_face_120.jpg,dataset/raw/uncovered/22102038/22102038_face_120.jpg,dataset/rejected/22102038/22102038_face_120.jpg,no_face_detected,0,,,,,
22102038,22102038_face_122.jpg,dataset/raw/uncovered/22102038/22102038_face_122.jpg,dataset/rejected/22102038/22102038_face_122.jpg,no_face_detected,0,,,,,
22102038,22102038_face_123.jpg,dataset/raw/uncovered/22102038/22102038_face_123.jpg,dataset/rejected/22102038/22102038_face_123.jpg,no_face_detected,0,,,,,
22102038,22102038_face_132.jpg,dataset/raw/uncovered/22102038/22102038_face_132.jpg,dataset/rejected/22102038/22102038_face_132.jpg,detection_confidence_below_threshold,1,,,,,
22102038,22102038_face_136.jpg,dataset/raw/uncovered/22102038/22102038_face_136.jpg,dataset/rejected/22102038/22102038_face_136.jpg,detection_confidence_below_threshold,1,,,,,
22102038,22102038_face_312.jpg,dataset/raw/uncovered/22102038/22102038_face_312.jpg,dataset/rejected/22102038/22102038_face_312.jpg,detection_confidence_below_threshold,1,,,,,
22102038,22102038_face_314.jpg,dataset/raw/uncovered/22102038/22102038_face_314.jpg,dataset/rejected/22102038/22102038_face_314.jpg,no_face_detected,0,,,,,
22102038,22102038_face_366.jpg,dataset/raw/uncovered/22102038/22102038_face_366.jpg,dataset/rejected/22102038/22102038_face_366.jpg,no_face_detected,0,,,,,
22102038,22102038_face_367.jpg,dataset/raw/uncovered/22102038/22102038_face_367.jpg,dataset/rejected/22102038/22102038_face_367.jpg,no_face_detected,0,,,,,
22102039,22102039_face_012.jpg,dataset/raw/uncovered/22102039/22102039_face_012.jpg,dataset/rejected/22102039/22102039_face_012.jpg,detection_confidence_below_threshold,1,,,,,
22102039,22102039_face_013.jpg,dataset/raw/uncovered/22102039/22102039_face_013.jpg,dataset/rejected/22102039/22102039_face_013.jpg,detection_confidence_below_threshold,1,,,,,
22102039,22102039_face_016.jpg,dataset/raw/uncovered/22102039/22102039_face_016.jpg,dataset/rejected/22102039/22102039_face_016.jpg,detection_confidence_below_threshold,1,,,,,
22102039,22102039_face_024.jpg,dataset/raw/uncovered/22102039/22102039_face_024.jpg,dataset/rejected/22102039/22102039_face_024.jpg,detection_confidence_below_threshold,1,,,,,
22102039,22102039_face_120.jpg,dataset/raw/uncovered/22102039/22102039_face_120.jpg,dataset/rejected/22102039/22102039_face_120.jpg,detection_confidence_below_threshold,1,,,,,
22102039,22102039_face_126.jpg,dataset/raw/uncovered/22102039/22102039_face_126.jpg,dataset/rejected/22102039/22102039_face_126.jpg,no_face_detected,0,,,,,
22102039,22102039_face_161.jpg,dataset/raw/uncovered/22102039/22102039_face_161.jpg,dataset/rejected/22102039/22102039_face_161.jpg,no_face_detected,0,,,,,
22102039,22102039_face_162.jpg,dataset/raw/uncovered/22102039/22102039_face_162.jpg,dataset/rejected/22102039/22102039_face_162.jpg,no_face_detected,0,,,,,
22102040,22102040_face_122.jpg,dataset/raw/uncovered/22102040/22102040_face_122.jpg,dataset/rejected/22102040/22102040_face_122.jpg,detection_confidence_below_threshold,1,,,,,
22102040,22102040_face_124.jpg,dataset/raw/uncovered/22102040/22102040_face_124.jpg,dataset/rejected/22102040/22102040_face_124.jpg,detection_confidence_below_threshold,1,,,,,
22102040,22102040_face_125.jpg,dataset/raw/uncovered/22102040/22102040_face_125.jpg,dataset/rejected/22102040/22102040_face_125.jpg,detection_confidence_below_threshold,1,,,,,
22102040,22102040_face_133.jpg,dataset/raw/uncovered/22102040/22102040_face_133.jpg,dataset/rejected/22102040/22102040_face_133.jpg,no_face_detected,0,,,,,
22102040,22102040_face_137.jpg,dataset/raw/uncovered/22102040/22102040_face_137.jpg,dataset/rejected/22102040/22102040_face_137.jpg,detection_confidence_below_threshold,1,,,,,
22102040,22102040_face_163.jpg,dataset/raw/uncovered/22102040/22102040_face_163.jpg,dataset/rejected/22102040/22102040_face_163.jpg,detection_confidence_below_threshold,1,,,,,
22102040,22102040_face_168.jpg,dataset/raw/uncovered/22102040/22102040_face_168.jpg,dataset/rejected/22102040/22102040_face_168.jpg,detection_confidence_below_threshold,1,,,,,
22102040,22102040_face_191.jpg,dataset/raw/uncovered/22102040/22102040_face_191.jpg,dataset/rejected/22102040/22102040_face_191.jpg,no_face_detected,0,,,,,
22102040,22102040_face_192.jpg,dataset/raw/uncovered/22102040/22102040_face_192.jpg,dataset/rejected/22102040/22102040_face_192.jpg,no_face_detected,0,,,,,
22102040,22102040_face_193.jpg,dataset/raw/uncovered/22102040/22102040_face_193.jpg,dataset/rejected/22102040/22102040_face_193.jpg,no_face_detected,0,,,,,
22102040,22102040_face_194.jpg,dataset/raw/uncovered/22102040/22102040_face_194.jpg,dataset/rejected/22102040/22102040_face_194.jpg,no_face_detected,0,,,,,
22102040,22102040_face_195.jpg,dataset/raw/uncovered/22102040/22102040_face_195.jpg,dataset/rejected/22102040/22102040_face_195.jpg,no_face_detected,0,,,,,
22102040,22102040_face_196.jpg,dataset/raw/uncovered/22102040/22102040_face_196.jpg,dataset/rejected/22102040/22102040_face_196.jpg,no_face_detected,0,,,,,
22102040,22102040_face_197.jpg,dataset/raw/uncovered/22102040/22102040_face_197.jpg,dataset/rejected/22102040/22102040_face_197.jpg,no_face_detected,0,,,,,
22102040,22102040_face_198.jpg,dataset/raw/uncovered/22102040/22102040_face_198.jpg,dataset/rejected/22102040/22102040_face_198.jpg,no_face_detected,0,,,,,
22102040,22102040_face_199.jpg,dataset/raw/uncovered/22102040/22102040_face_199.jpg,dataset/rejected/22102040/22102040_face_199.jpg,no_face_detected,0,,,,,
22102040,22102040_face_202.jpg,dataset/raw/uncovered/22102040/22102040_face_202.jpg,dataset/rejected/22102040/22102040_face_202.jpg,detection_confidence_below_threshold,1,,,,,
22102040,22102040_face_211.jpg,dataset/raw/uncovered/22102040/22102040_face_211.jpg,dataset/rejected/22102040/22102040_face_211.jpg,detection_confidence_below_threshold,1,,,,,
22102040,22102040_face_213.jpg,dataset/raw/uncovered/22102040/22102040_face_213.jpg,dataset/rejected/22102040/22102040_face_213.jpg,detection_confidence_below_threshold,1,,,,,
22102040,22102040_face_214.jpg,dataset/raw/uncovered/22102040/22102040_face_214.jpg,dataset/rejected/22102040/22102040_face_214.jpg,no_face_detected,0,,,,,
22102040,22102040_face_215.jpg,dataset/raw/uncovered/22102040/22102040_face_215.jpg,dataset/rejected/22102040/22102040_face_215.jpg,detection_confidence_below_threshold,1,,,,,
22102040,22102040_face_216.jpg,dataset/raw/uncovered/22102040/22102040_face_216.jpg,dataset/rejected/22102040/22102040_face_216.jpg,detection_confidence_below_threshold,1,,,,,
22102040,22102040_face_256.jpg,dataset/raw/uncovered/22102040/22102040_face_256.jpg,dataset/rejected/22102040/22102040_face_256.jpg,no_face_detected,0,,,,,
22102040,22102040_face_258.jpg,dataset/raw/uncovered/22102040/22102040_face_258.jpg,dataset/rejected/22102040/22102040_face_258.jpg,detection_confidence_below_threshold,1,,,,,
22102040,22102040_face_263.jpg,dataset/raw/uncovered/22102040/22102040_face_263.jpg,dataset/rejected/22102040/22102040_face_263.jpg,no_face_detected,0,,,,,
22102040,22102040_face_264.jpg,dataset/raw/uncovered/22102040/22102040_face_264.jpg,dataset/rejected/22102040/22102040_face_264.jpg,detection_confidence_below_threshold,1,,,,,
